Rank,Name,Team,Status,Position,GP,MIN,FGM,FGA,FG%,FTM,FTA,FT%,3PM,REB,AST,STL,BLK,TO,PTS
1,Nikola Jokic,DEN,,C,72.0,35.6,10.6,18.4,0.575,5.4,6.6,0.817,1.7,12.7,10.1,1.6,0.8,3.4,28.3
2,Victor Wembanyama,SA,,C,67.0,31.9,9.2,18.3,0.502,5.8,7.0,0.823,2.2,12.2,3.5,1.1,3.5,2.9,26.3
3,Shai Gilgeous-Alexander,OKC,,PG,76.0,33.8,10.9,20.3,0.536,7.8,8.8,0.883,1.7,4.9,6.4,1.7,0.9,2.3,31.3
4,Luka Doncic,LAL,,PG,68.0,36.7,10.9,22.9,0.477,7.2,9.2,0.783,4.0,8.5,8.9,1.6,0.5,4.0,33.0
5,Anthony Edwards,MIN,,"SG, SF",72.0,35.8,10.3,21.4,0.48,6.1,7.6,0.804,3.6,5.2,4.0,1.3,0.8,3.0,30.3
6,Tyrese Maxey,PHI,,"PG, SG",71.0,34.2,8.7,19.1,0.456,4.6,5.2,0.886,2.8,3.5,5.8,1.6,0.6,2.1,24.8
7,Donovan Mitchell,CLE,,"SG, PG",71.0,33.9,9.3,19.9,0.465,5.0,5.8,0.854,3.3,4.8,5.7,1.6,0.3,2.6,26.8
8,Jayson Tatum,BOS,DTD,"PF, SF",70.0,36.2,9.1,20.1,0.454,5.1,6.2,0.818,3.4,8.6,5.8,1.1,0.5,2.8,26.7
9,Jalen Johnson,ATL,,PF,72.0,36.7,8.6,17.5,0.49,4.2,5.3,0.785,1.7,10.6,7.9,1.3,0.5,3.4,23.0
10,Scottie Barnes,TOR,,"SF, SG",72.0,33.8,7.3,15.0,0.484,3.3,4.1,0.793,1.0,7.7,6.0,1.4,1.3,2.7,18.8
11,Cade Cunningham,DET,,PG,69.0,34.8,8.9,19.3,0.461,4.8,5.9,0.818,2.0,5.6,9.8,1.4,0.8,3.8,24.6
12,Tyrese Haliburton,IND,DTD,"PG, SG",64.0,33.1,6.8,14.3,0.475,2.6,3.1,0.854,2.9,3.7,9.9,1.3,0.7,1.9,19.2
13,Amen Thompson,HOU,,"SF, SG",78.0,36.5,6.8,12.8,0.535,3.7,4.8,0.773,0.3,7.7,5.1,1.5,0.7,2.3,17.7
14,Anthony Davis,WSH,DTD,"C, PF",61.0,32.2,8.6,16.0,0.538,4.9,6.2,0.796,0.4,11.4,3.2,1.1,2.1,2.0,22.6
15,Bam Adebayo,MIA,DTD,"C, PF",73.0,32.4,6.9,15.7,0.442,4.5,5.8,0.778,1.8,10.0,3.2,1.2,0.7,1.6,20.2
16,Derrick White,BOS,,"SG, PG",77.0,34.3,5.7,14.2,0.401,2.3,2.6,0.895,2.9,4.5,5.3,1.1,1.2,1.8,16.6
17,Cooper Flagg,DAL,,"SF, PF",72.0,35.5,8.4,18.0,0.468,4.3,5.2,0.829,1.1,7.0,4.8,1.3,1.0,2.4,22.3
18,Kawhi Leonard,TOR,,"SF, PF",63.0,32.8,9.2,18.0,0.51,4.4,5.0,0.879,2.3,6.2,3.5,1.7,0.6,1.9,25.1
19,Karl-Anthony Towns,NY,,C,70.0,32.7,7.8,15.2,0.51,4.6,5.4,0.852,1.8,11.2,4.4,0.9,0.6,2.6,21.9
20,Giannis Antetokounmpo,MIA,DTD,"PF, C",67.0,33.6,12.0,19.3,0.624,7.5,11.5,0.65,0.5,11.4,6.3,1.1,0.8,3.7,32.1
21,Jamal Murray,DEN,,PG,69.0,35.0,8.3,17.3,0.479,3.7,4.2,0.883,2.8,4.1,6.6,1.1,0.5,2.2,23.1
22,LaMelo Ball,MIN,,PG,68.0,31.8,8.1,19.8,0.407,2.8,3.1,0.886,4.2,5.4,8.0,1.3,0.3,3.2,23.1
23,Jalen Duren,DET,,C,72.0,31.0,7.8,11.9,0.655,4.7,6.3,0.74,0.0,11.7,2.3,0.9,1.0,2.0,20.3
24,Pascal Siakam,IND,,PF,74.0,34.8,8.8,17.1,0.514,3.7,5.1,0.721,1.6,7.3,4.0,1.0,0.5,1.8,22.8
25,James Harden,CLE,,"PG, SG",73.0,33.6,6.1,14.3,0.424,5.6,6.4,0.88,2.8,5.0,8.1,1.2,0.6,3.4,20.6
26,Mikal Bridges,NY,,"SF, SG",82.0,33.6,6.0,12.4,0.488,1.1,1.4,0.817,2.0,3.7,3.7,1.2,0.7,1.2,15.2
27,Evan Mobley,CLE,,"PF, C",66.0,33.3,7.5,13.4,0.558,3.0,4.5,0.67,1.0,9.8,3.6,0.9,1.7,2.0,18.9
28,Kevin Durant,HOU,DTD,"PF, SF",72.0,34.6,9.0,17.2,0.523,4.7,5.5,0.859,2.3,5.6,4.4,0.8,1.0,3.0,25.0
29,Alperen Sengun,HOU,,C,72.0,32.7,7.9,15.4,0.514,3.7,5.4,0.692,0.5,9.4,5.7,1.2,1.0,2.9,20.0
30,Jalen Brunson,NY,DTD,PG,72.0,35.3,9.5,20.0,0.476,5.3,6.3,0.837,2.6,3.3,6.9,0.9,0.1,2.4,26.9
31,Nickeil Alexander-Walker,ATL,,"SG, PG",79.0,32.3,6.5,14.2,0.457,3.1,3.5,0.895,3.0,3.4,3.5,1.2,0.5,1.9,19.2
32,Domantas Sabonis,SAC,DTD,"C, PF",69.0,34.8,7.5,12.8,0.587,3.3,4.6,0.726,0.6,13.6,6.8,0.8,0.5,3.1,18.9
33,Stephen Curry,GS,,PG,66.0,32.0,8.5,18.7,0.454,4.3,4.6,0.924,4.6,4.2,5.3,1.0,0.4,2.8,25.8
34,Lauri Markkanen,UTAH,,"PF, SF",69.0,34.0,8.0,17.3,0.464,4.7,5.3,0.891,3.0,7.2,1.9,0.9,0.5,1.5,23.8
35,Jalen Williams,OKC,DTD,"PF, SF",70.0,32.8,8.0,15.8,0.504,3.2,4.0,0.811,1.5,4.9,5.3,1.4,0.6,2.0,20.6
36,Josh Giddey,CHI,DTD,"PG, SG",68.0,35.5,6.6,14.5,0.452,3.4,4.4,0.766,2.0,9.2,9.6,1.2,0.6,3.8,18.5
37,Naz Reid,CHA,,"C, PF",76.0,30.3,6.0,13.1,0.458,1.4,1.9,0.743,2.5,7.1,2.5,1.1,1.1,1.8,15.9
38,Dyson Daniels,ATL,,"SG, PG",75.0,32.4,5.2,10.1,0.513,1.0,1.6,0.617,0.4,6.5,5.6,2.0,0.4,1.7,11.7
39,Kon Knueppel,CHA,,"SF, SG",78.0,34.2,6.9,14.5,0.475,2.6,3.0,0.863,3.7,5.8,3.7,0.8,0.3,2.2,20.0
40,Devin Booker,PHX,,"PG, SG",72.0,35.8,8.9,19.1,0.468,6.4,7.2,0.884,2.2,4.2,6.7,0.9,0.3,2.9,26.5
41,Desmond Bane,ORL,,"SG, SF",72.0,33.7,7.4,15.5,0.48,3.4,3.8,0.898,2.4,4.8,4.8,1.1,0.5,2.3,20.7
42,Michael Porter Jr.,BKN,,"SF, PF",69.0,33.5,8.4,17.9,0.469,3.4,4.0,0.851,3.3,7.2,2.9,1.0,0.3,2.2,23.5
43,Donovan Clingan,POR,,C,73.0,26.2,4.4,8.4,0.522,1.7,2.5,0.672,1.0,11.1,2.0,0.6,1.7,1.2,11.4
44,Onyeka Okongwu,ATL,,C,72.0,30.6,5.5,11.3,0.49,2.1,2.8,0.757,1.8,7.8,3.0,1.1,1.0,1.6,15.0
45,Trey Murphy III,NO,,"SF, SG",68.0,32.5,6.8,14.5,0.468,3.0,3.4,0.883,3.0,5.2,3.4,1.3,0.4,1.6,19.5
46,Walker Kessler,LAL,,C,64.0,31.4,5.0,7.5,0.663,1.4,2.7,0.532,0.1,12.4,1.7,0.7,2.6,1.6,11.5
47,Trae Young,WSH,DTD,PG,71.0,34.5,7.4,17.5,0.42,6.2,7.2,0.865,2.9,2.8,10.8,1.2,0.2,4.3,23.8
48,Kyrie Irving,DAL,DTD,PG,59.0,34.6,9.1,18.8,0.486,3.5,3.8,0.911,2.8,4.8,4.8,1.3,0.5,2.0,24.6
49,Jarrett Allen,CLE,,C,71.0,30.3,6.4,9.7,0.656,3.0,4.2,0.725,0.0,10.0,2.2,0.9,1.0,1.4,15.8
50,Austin Reaves,LAL,,"SG, PG",67.0,36.6,7.4,15.4,0.484,6.0,6.9,0.872,2.5,4.9,5.9,1.1,0.4,3.0,23.4
51,Chet Holmgren,OKC,,"C, PF",65.0,28.9,6.1,11.3,0.536,3.0,3.8,0.785,1.4,8.4,2.0,0.6,2.1,1.6,16.5
52,De'Aaron Fox,SA,,"PG, SG",71.0,31.3,7.7,16.3,0.472,3.2,4.2,0.772,2.0,4.0,5.6,1.4,0.3,2.3,20.6
53,Darius Garland,LAC,,PG,69.0,35.2,7.8,17.0,0.461,3.0,3.5,0.86,2.9,3.0,7.4,1.3,0.2,3.1,21.6
54,Brandon Miller,CHA,DTD,"SF, SG",68.0,34.0,7.8,17.9,0.433,3.3,3.7,0.885,3.5,5.4,3.7,1.1,0.7,2.8,22.3
55,Rudy Gobert,MIN,,C,72.0,32.5,4.7,7.0,0.673,2.5,4.2,0.599,0.0,11.7,1.6,0.7,1.7,1.4,11.9
56,Caleb Wilson,CHI,,SF,71.0,32.1,6.7,13.7,0.489,3.8,4.9,0.77,0.7,8.1,1.9,1.1,1.4,2.1,17.9
57,Dejounte Murray,NO,,"SG, PG",68.0,32.4,7.4,16.5,0.447,2.7,3.3,0.813,2.1,5.4,6.4,1.5,0.3,2.8,19.5
58,Reed Sheppard,HOU,,"SG, PG",76.0,26.7,4.9,11.6,0.426,0.8,1.0,0.803,2.8,3.0,3.4,1.5,0.7,1.5,13.5
59,Matas Buzelis,CHI,,"SF, PF",74.0,30.5,6.0,12.9,0.462,2.4,3.1,0.79,2.3,6.0,2.1,0.7,1.6,2.1,16.7
60,Deni Avdija,POR,,"SF, PF",72.0,33.7,7.2,15.5,0.467,6.7,8.4,0.797,1.9,7.2,6.3,0.8,0.6,3.6,23.0
61,Alex Sarr,WSH,DTD,"C, PF",66.0,28.6,6.6,14.1,0.466,2.1,3.1,0.688,1.2,7.6,2.8,0.8,2.0,1.8,16.5
62,Jaylen Brown,PHI,,"SF, SG",71.0,32.4,8.9,18.5,0.479,4.3,5.6,0.766,1.9,5.9,4.3,1.1,0.4,2.8,23.9
63,Tyler Herro,MIL,DTD,"SG, PG",67.0,34.0,8.1,17.1,0.476,3.3,3.7,0.903,2.9,5.1,4.7,0.8,0.3,2.2,22.5
64,Norman Powell,CHI,,"SG, SF",69.0,33.8,8.1,17.1,0.473,4.8,5.8,0.825,3.1,3.8,2.6,1.2,0.3,2.1,24.0
65,Franz Wagner,ORL,DTD,"SF, PF",66.0,34.0,8.2,17.4,0.474,4.5,5.3,0.849,1.6,5.7,4.2,1.2,0.4,2.1,22.5
66,Brandin Podziemski,GS,,"SG, PG",79.0,30.9,5.2,11.4,0.454,2.3,2.9,0.79,2.0,5.6,4.0,1.2,0.2,1.7,14.7
67,Kel'el Ware,MIL,,C,72.0,24.3,4.8,9.1,0.533,1.0,1.3,0.734,1.2,9.6,0.8,0.8,1.2,0.9,11.9
68,OG Anunoby,NY,,"SF, PF",68.0,33.8,5.9,12.3,0.482,2.7,3.3,0.826,2.3,5.2,2.2,1.5,0.7,1.8,16.9
69,VJ Edgecombe,PHI,,SG,72.0,33.3,5.7,13.1,0.438,1.9,2.3,0.813,1.9,5.4,4.0,1.4,0.5,1.7,15.2
70,Damian Lillard,POR,DTD,PG,65.0,31.4,6.6,15.1,0.439,5.5,6.0,0.921,2.9,4.0,6.2,1.0,0.2,2.4,21.7
71,Jaren Jackson Jr.,UTAH,DTD,"C, PF",62.0,31.4,7.8,16.7,0.47,4.3,5.4,0.797,1.9,5.7,2.1,1.2,1.6,2.3,21.9
72,Ty Jerome,MEM,,"SG, PG",64.0,25.8,7.0,14.3,0.489,3.1,3.6,0.874,2.7,3.2,5.6,1.3,0.2,1.9,19.8
73,LeBron James,PHI,,"SF, PF",64.0,30.7,7.9,15.2,0.522,3.5,4.7,0.754,1.6,6.3,7.0,1.0,0.5,3.0,21.0
74,Fred VanVleet,HOU,DTD,"PG, SG",68.0,32.2,4.7,11.9,0.396,2.0,2.4,0.84,2.5,3.4,6.0,1.3,0.5,1.4,14.0
75,Paolo Banchero,ORL,,"PF, SF",69.0,35.2,8.0,17.5,0.456,6.0,8.0,0.752,1.4,7.9,5.2,0.8,0.6,3.1,23.4
76,Miles Bridges,PHX,,"SF, PF",71.0,33.1,7.1,15.7,0.452,2.8,3.4,0.838,2.1,6.7,3.4,0.7,0.5,1.8,19.1
77,Cameron Boozer,MEM,,PF,72.0,31.7,7.2,14.6,0.493,3.8,4.8,0.789,0.3,7.9,3.1,1.1,0.8,2.5,18.5
78,Ausar Thompson,DET,,"SF, PF",70.0,26.8,4.4,8.3,0.525,1.6,2.7,0.582,0.1,6.0,3.1,2.0,1.0,1.6,10.4
79,Brandon Ingram,LAC,DTD,"SF, PF",67.0,35.3,8.4,17.6,0.48,3.9,4.8,0.814,1.7,5.7,4.8,0.8,0.7,2.8,22.6
80,Kristaps Porzingis,GS,,"C, PF",59.0,27.7,6.3,13.0,0.486,4.2,5.0,0.841,2.0,6.5,2.2,0.7,1.6,1.4,18.8
81,Ivica Zubac,IND,,C,69.0,30.0,6.2,9.9,0.624,1.9,2.8,0.694,0.0,10.9,2.1,0.5,1.1,1.5,14.3
82,CJ McCollum,ATL,,"SG, PG",73.0,30.2,7.0,15.5,0.454,2.4,3.1,0.77,2.6,3.4,3.9,0.8,0.5,1.8,19.1
83,Keegan Murray,SAC,DTD,"PF, SF",71.0,34.1,5.3,12.0,0.444,1.1,1.4,0.818,2.0,6.0,1.6,0.9,1.0,0.9,13.8
84,Jaden McDaniels,MIN,,"SF, PF",74.0,31.7,5.5,10.8,0.508,1.8,2.2,0.828,1.4,4.4,2.5,1.1,1.0,1.7,14.2
85,AJ Dybantsa,WSH,,SF,72.0,32.2,7.3,15.3,0.478,4.8,5.9,0.809,0.7,4.9,2.8,1.0,0.8,1.9,20.1
86,Julius Randle,BKN,,PF,72.0,34.3,7.8,16.4,0.477,4.8,6.1,0.793,1.6,8.1,5.0,0.7,0.2,3.1,22.0
87,Andrew Wiggins,MIA,,"SF, PF",67.0,30.4,5.8,12.3,0.471,2.0,2.6,0.782,2.0,4.8,2.7,1.1,1.0,1.5,15.7
88,Joel Embiid,PHI,,C,54.0,31.6,9.1,18.5,0.489,7.9,9.2,0.861,1.4,8.2,4.2,0.7,1.2,3.0,27.4
89,Keyonte George,UTAH,,"PG, SG",68.0,33.2,7.0,15.9,0.443,5.6,6.4,0.88,2.5,3.7,6.1,1.0,0.2,3.1,22.3
90,Immanuel Quickley,TOR,,"PG, SG",65.0,31.4,5.8,13.3,0.438,2.8,3.3,0.837,2.6,4.0,5.8,1.1,0.1,1.5,17.0
91,Stephon Castle,SA,,"PG, SG",72.0,32.7,6.2,13.4,0.463,4.4,6.0,0.734,1.3,5.6,7.6,1.2,0.3,3.4,18.1
92,Myles Turner,MIL,,C,71.0,27.4,4.2,9.4,0.447,1.9,2.6,0.746,2.1,5.5,1.5,0.7,1.7,1.3,12.4
93,Paul George,BOS,,"SF, PF",55.0,33.2,7.0,15.5,0.453,2.9,3.3,0.863,2.9,5.4,3.8,1.7,0.5,2.1,19.8
94,Tobias Harris,SA,,"PF, SF",71.0,30.5,5.5,11.5,0.477,2.3,2.6,0.865,1.3,5.7,2.6,1.0,0.6,1.1,14.5
95,Zion Williamson,NO,,"PF, C",64.0,30.9,8.7,15.0,0.582,5.3,7.6,0.7,0.1,6.1,4.3,1.1,0.7,2.5,22.8
96,Derik Queen,NO,,"C, PF",76.0,26.4,4.6,9.7,0.474,2.9,3.6,0.796,0.3,7.4,3.9,1.1,1.0,2.5,12.3
97,Josh Hart,NY,,"SF, SG",68.0,31.5,4.6,9.1,0.511,1.5,2.0,0.735,1.4,7.7,5.0,1.2,0.3,2.0,12.2
98,Payton Pritchard,BOS,,"PG, SG",72.0,30.8,6.0,12.9,0.465,1.4,1.6,0.887,2.6,3.8,4.8,0.7,0.1,1.3,16.0
99,John Collins,DET,,"PF, C",68.0,30.6,6.3,11.7,0.539,2.3,2.9,0.797,1.4,7.7,1.3,0.8,0.9,1.7,16.4
100,Collin Gillespie,PHX,,PG,73.0,26.8,4.2,9.9,0.419,0.9,1.0,0.877,2.7,3.9,4.4,1.2,0.2,1.4,
101,Dylan Harper,SA,,"PG, SG",72.0,29.3,6.2,12.3,0.505,1.7,2.2,0.759,1.1,4.4,5.0,1.0,0.5,1.9,15.2
102,DeMar DeRozan,DEN,,"SF, PF",77.0,28.9,6.2,12.9,0.484,4.4,5.1,0.86,0.7,3.0,3.8,0.8,0.3,1.2,17.6
103,Nikola Vucevic,ORL,,C,72.0,25.1,5.7,11.4,0.501,1.1,1.4,0.812,1.2,7.7,2.7,0.6,0.6,1.2,13.8
104,Peyton Watson,CLE,DTD,"SF, PF",71.0,30.7,5.2,10.6,0.487,2.5,3.4,0.726,1.4,5.0,2.1,0.9,1.3,1.6,14.2
105,Ryan Rollins,MIL,,"SG, PG",69.0,28.0,5.7,12.0,0.472,1.4,1.8,0.798,2.1,4.0,4.8,1.3,0.4,2.3,14.9
106,Coby White,CHA,,"PG, SG",72.0,33.5,6.8,15.1,0.449,3.7,4.3,0.852,2.8,4.1,4.8,0.7,0.2,2.5,20.0
107,Cason Wallace,OKC,,"SG, PG",76.0,26.4,3.3,7.4,0.44,0.6,0.8,0.803,1.3,3.1,2.5,1.9,0.4,0.9,8.4
108,Jabari Smith Jr.,HOU,,"PF, C",73.0,32.1,5.1,11.3,0.448,2.0,2.5,0.787,2.0,6.8,1.6,0.6,0.8,1.2,14.1
109,Kevin Porter Jr.,MIL,DTD,"SG, PG",66.0,26.8,5.1,11.1,0.461,2.8,3.3,0.862,1.0,4.3,5.7,1.7,0.4,2.4,14.1
110,Russell Westbrook,FA,,PG,,,,,,,,,,,,,,,
111,Ayo Dosunmu,MIN,,"SG, PG",72.0,29.4,5.8,11.3,0.514,1.8,2.1,0.868,1.8,3.6,3.9,0.9,0.3,1.5,15.3
112,Julian Champagnie,SA,,"SF, PF",82.0,26.7,3.5,8.2,0.433,1.4,1.6,0.855,2.3,5.4,1.5,0.7,0.5,0.8,10.8
113,Brook Lopez,LAC,,C,72.0,26.2,3.9,8.3,0.475,1.1,1.4,0.802,1.6,4.3,1.5,0.6,1.7,0.9,10.6
114,Zach Edey,MEM,DTD,C,62.0,26.4,5.2,8.6,0.61,2.0,2.7,0.754,0.2,10.8,1.2,0.7,1.8,2.1,12.7
115,Daniel Gafford,DAL,,C,68.0,22.5,4.4,6.3,0.692,2.0,2.9,0.685,0.0,7.1,1.3,0.7,1.7,1.1,10.7
116,Mitchell Robinson,BOS,,C,61.0,25.4,3.2,4.5,0.713,0.9,2.2,0.418,0.0,11.1,1.1,1.2,1.5,0.9,7.3
117,Jakob Poeltl,TOR,,C,66.0,27.0,5.3,8.1,0.656,1.4,2.3,0.612,0.0,8.4,2.4,0.9,1.1,1.6,12.0
118,Neemias Queta,BOS,,C,72.0,23.6,4.0,6.1,0.654,1.5,2.1,0.709,0.0,7.7,1.5,0.7,1.2,0.9,9.5
119,Quentin Grimes,LAL,,"SG, SF",73.0,30.8,5.1,11.3,0.455,2.6,3.2,0.803,2.1,4.2,3.4,1.0,0.4,1.9,14.9
120,Nic Claxton,CHI,,C,69.0,27.8,4.8,8.4,0.572,1.9,3.1,0.603,0.1,7.1,3.4,0.7,1.2,1.4,11.6
121,Egor Demin,BKN,,"PG, SG",71.0,32.3,4.4,11.1,0.398,1.3,1.6,0.825,3.1,4.1,4.3,1.0,0.4,2.1,13.3
122,Oso Ighodaro,PHX,,PF,79.0,27.6,3.6,5.5,0.648,0.8,1.7,0.463,0.0,6.3,2.7,1.1,0.9,1.5,7.9
123,Jake LaRavia,LAL,,"PF, SF",77.0,29.2,3.4,7.5,0.457,1.7,2.2,0.757,1.1,4.7,2.2,1.4,0.5,1.3,9.6
124,Darryn Peterson,UTAH,,"SG, PG",73.0,29.7,7.0,15.6,0.451,4.4,5.4,0.822,0.9,3.8,2.8,1.3,0.3,2.3,19.4
125,Anthony Black,ORL,,"PG, SG",69.0,28.9,5.0,11.2,0.444,2.5,3.4,0.732,1.4,3.7,3.5,1.4,0.7,2.0,13.8
126,Kyshawn George,WSH,,"SG, SF",66.0,29.4,5.0,11.6,0.428,2.0,2.5,0.794,2.1,5.1,4.2,1.0,0.9,2.4,14.0
127,Ace Bailey,UTAH,,"SF, PF",72.0,28.2,5.6,12.7,0.443,1.0,1.3,0.745,2.0,4.3,1.9,0.9,0.7,1.5,14.2
128,Jeremiah Fears,NO,,"SG, PG",77.0,26.4,5.5,12.6,0.434,2.4,3.1,0.787,1.3,3.8,3.5,1.2,0.4,2.2,14.6
129,Devin Vassell,SA,,"SG, SF",69.0,27.5,5.3,11.7,0.451,1.6,2.0,0.804,2.1,3.5,2.7,0.9,0.4,1.1,14.3
130,Jalen Green,PHX,,"SG, SF",64.0,32.4,7.9,18.7,0.422,2.9,3.7,0.776,2.8,4.6,3.5,1.1,0.3,2.6,21.4
131,Jrue Holiday,POR,,"PG, SG",68.0,29.1,4.7,10.3,0.459,1.1,1.3,0.864,2.0,4.5,4.7,0.9,0.4,1.8,12.6
132,Toumani Camara,POR,,"PF, SF",75.0,29.4,3.9,8.7,0.447,1.1,1.5,0.717,1.8,5.0,2.0,1.1,0.5,1.4,10.7
133,Isaiah Hartenstein,OKC,DTD,C,64.0,25.0,4.0,6.6,0.614,1.4,2.2,0.624,0.0,9.6,3.5,1.0,0.8,1.7,9.5
134,Ja Morant,POR,DTD,PG,65.0,28.6,7.3,16.4,0.443,5.1,6.0,0.844,1.4,3.8,7.2,1.0,0.3,3.4,21.0
135,Saddiq Bey,NO,,"SF, PF",71.0,27.1,5.1,11.3,0.448,2.9,3.4,0.842,1.8,4.9,2.1,0.8,0.1,0.8,14.7
136,Day'Ron Sharpe,BKN,,C,69.0,22.0,4.0,7.5,0.535,1.5,2.1,0.697,0.2,8.4,2.2,0.9,1.0,1.6,9.7
137,Alex Caruso,OKC,,"SG, PG",69.0,24.3,3.1,7.1,0.431,1.0,1.2,0.795,1.3,3.6,2.7,1.7,0.5,1.1,8.4
138,Dillon Brooks,PHX,,"SF, SG",69.0,30.7,6.9,15.8,0.434,2.6,3.1,0.836,2.3,3.6,1.7,1.0,0.2,1.6,18.6
139,Darius Acuff Jr.,SAC,,PG,73.0,30.6,6.0,13.6,0.444,4.0,4.7,0.843,0.9,3.3,5.9,1.1,0.3,2.9,16.9
140,RJ Barrett,TOR,,"SF, SG",66.0,30.8,7.3,15.1,0.483,3.4,5.0,0.688,1.7,5.6,3.9,0.7,0.3,2.1,19.7
141,Cameron Johnson,DEN,,"SF, PF",68.0,28.8,4.5,9.6,0.47,2.0,2.3,0.853,2.2,3.9,2.5,0.8,0.4,1.0,13.2
142,Jalen Suggs,ORL,,"PG, SG",62.0,26.3,4.7,10.7,0.439,1.8,2.2,0.831,2.0,3.4,4.0,1.5,0.7,2.3,13.2
143,Dereck Lively II,DAL,DTD,C,65.0,23.6,3.9,5.4,0.729,1.0,1.7,0.568,0.0,7.2,1.6,0.6,1.5,1.0,8.8
144,Scotty Pippen Jr.,MEM,DTD,"PG, SG",63.0,24.3,4.4,9.5,0.466,1.9,2.5,0.741,1.2,3.2,5.1,1.8,0.4,2.4,12.0
145,Cam Spencer,MEM,,"SG, PG",,,,,,,,,,,,,,,
146,Kyle Filipowski,UTAH,,"C, PF",73.0,22.0,3.9,8.0,0.493,1.8,2.5,0.738,0.9,6.7,2.4,0.9,0.5,1.5,10.7
147,Isaiah Stewart,MEM,,"C, PF",69.0,24.7,3.9,7.2,0.547,1.7,2.3,0.755,0.7,5.7,1.4,0.3,1.7,1.2,10.3
148,Jerami Grant,MEM,,PF,68.0,29.4,5.5,12.5,0.444,4.3,5.2,0.816,2.3,3.4,2.1,0.7,0.7,1.9,17.6
149,Jaime Jaquez Jr.,MIL,,"SF, SG",74.0,27.3,5.7,11.4,0.502,2.1,2.8,0.768,0.8,4.9,4.3,0.7,0.3,1.9,14.4
150,Andrew Nembhard,IND,,"PG, SG",71.0,30.7,4.7,10.2,0.463,1.9,2.4,0.812,1.2,3.0,5.9,1.1,0.1,2.0,
151,Collin Sexton,LAL,,"SG, PG",70.0,25.8,6.1,12.5,0.485,3.5,4.1,0.861,1.7,2.5,4.1,0.9,0.2,2.2,17.3
152,P.J. Washington,DAL,,"PF, SF",64.0,29.0,4.9,10.9,0.448,2.1,3.0,0.693,1.3,6.6,1.7,0.9,1.0,1.6,13.2
153,Keldon Johnson,SA,,"SF, PF",77.0,25.1,5.1,10.5,0.488,2.1,2.6,0.79,1.3,5.2,1.8,0.6,0.2,1.1,13.6
154,Precious Achiuwa,SAC,,"PF, C",71.0,24.3,4.3,8.1,0.525,1.1,1.9,0.563,0.4,6.8,1.4,0.9,0.7,0.9,9.9
155,Aaron Gordon,DEN,,PF,66.0,29.3,5.5,10.5,0.519,3.1,4.0,0.78,1.5,5.5,3.1,0.5,0.3,1.3,15.5
156,Tim Hardaway Jr.,MIA,,"SG, SF",80.0,26.9,4.3,9.8,0.439,2.0,2.4,0.818,2.7,2.6,1.4,0.5,0.1,0.6,13.3
157,Royce O'Neale,CHA,,"SF, PF",76.0,24.5,2.9,7.0,0.419,0.3,0.4,0.733,2.3,4.2,2.3,0.9,0.4,1.1,8.5
158,Grayson Allen,CHA,,"SG, PG",63.0,26.1,4.5,10.9,0.413,2.3,2.7,0.853,2.7,2.9,3.2,1.1,0.3,1.4,14.0
159,Zach LaVine,SAC,DTD,"SG, SF",61.0,32.8,7.3,14.9,0.491,3.1,3.7,0.845,2.8,3.8,3.4,0.7,0.2,2.3,20.5
160,Malik Monk,SAC,,"SG, PG",68.0,26.2,5.4,12.2,0.44,2.1,2.4,0.859,2.1,2.8,4.5,0.7,0.5,2.0,14.9
161,Moussa Diabate,CHA,,"PF, C",70.0,24.6,3.0,4.8,0.625,1.5,2.3,0.652,0.0,8.3,1.7,0.7,0.9,1.0,7.5
162,Draymond Green,GS,,"PF, C",64.0,27.9,3.2,7.2,0.438,1.1,1.6,0.706,1.3,6.1,5.7,1.1,0.8,2.6,8.7
163,Ryan Kalkbrenner,CHA,,C,69.0,23.2,3.5,4.6,0.754,1.3,1.8,0.718,0.0,5.9,0.8,0.5,1.6,1.0,8.2
164,Luguentz Dort,ATL,,"SG, SF",72.0,28.1,3.3,8.0,0.418,0.8,1.0,0.778,2.1,3.8,1.4,1.0,0.5,0.8,9.6
165,Yves Missi,NO,,C,67.0,25.1,3.2,5.8,0.545,1.2,2.1,0.574,0.0,7.5,1.6,0.4,1.8,1.0,7.5
166,Robert Williams III,POR,,C,59.0,20.0,3.3,4.8,0.693,0.7,1.1,0.662,0.2,7.8,1.2,0.7,1.7,1.0,7.5
167,Morez Johnson Jr.,DAL,,"PF, C",71.0,24.7,4.0,8.1,0.494,2.3,3.1,0.755,0.3,5.6,1.6,0.8,0.9,1.1,10.6
168,Sam Hauser,BOS,,"SF, PF",77.0,25.3,3.4,7.9,0.426,0.3,0.3,0.87,2.6,3.9,1.4,0.5,0.3,0.4,9.6
169,Jusuf Nurkic,UTAH,,C,64.0,23.1,3.7,7.3,0.501,1.7,2.7,0.618,0.5,9.1,3.4,1.0,0.7,2.0,9.4
170,Duncan Robinson,DET,,"SF, SG",76.0,26.2,4.0,8.8,0.453,1.0,1.3,0.768,2.7,2.5,2.1,0.6,0.2,0.8,11.7
171,Bobby Portis,MIA,,"PF, C",65.0,24.3,5.5,11.3,0.486,0.8,1.1,0.722,1.9,6.7,1.6,0.6,0.2,1.0,13.6
172,Santi Aldama,DAL,DTD,"PF, SF",66.0,23.7,4.2,9.0,0.466,1.1,1.6,0.66,1.6,5.6,2.4,0.7,0.6,1.0,11.0
173,Wendell Carter Jr.,ORL,,C,72.0,25.4,3.6,7.2,0.5,2.0,2.6,0.759,0.8,6.7,1.8,0.7,0.5,1.1,10.0
174,Yaxel Lendeborg,GS,,"SF, PF",71.0,24.6,4.1,8.8,0.47,2.1,2.6,0.789,0.3,5.1,2.2,1.0,0.8,1.5,10.6
175,Collin Murray-Boyles,TOR,DTD,PF,66.0,22.9,3.7,6.3,0.579,1.3,2.0,0.659,0.3,5.2,1.9,1.0,1.0,1.1,8.9
176,Davion Mitchell,MIA,,PG,71.0,27.7,3.5,7.3,0.486,0.6,0.9,0.656,1.2,2.5,6.0,0.9,0.2,1.5,8.9
177,Tari Eason,HOU,,"SF, PF",66.0,24.9,4.0,9.4,0.427,0.9,1.2,0.772,1.4,6.1,1.4,1.2,0.5,1.3,10.4
178,Aaron Nesmith,IND,,"SF, SG",64.0,28.2,4.6,9.7,0.473,1.8,2.1,0.851,2.1,4.1,1.5,0.8,0.5,1.0,13.1
179,Max Christie,DAL,,SG,77.0,28.2,3.9,8.9,0.439,1.6,1.8,0.885,2.1,3.2,1.9,0.6,0.4,1.2,11.5
180,Tre Jones,CHI,,PG,68.0,22.3,4.2,7.6,0.549,2.3,2.7,0.837,0.5,2.6,4.5,1.0,0.1,1.1,11.1
181,De'Anthony Melton,GS,,"PG, SG",65.0,23.1,4.3,10.7,0.405,2.0,2.4,0.827,1.5,3.2,2.6,1.6,0.4,1.8,12.2
182,Bilal Coulibaly,WSH,,"SF, SG",68.0,24.0,3.6,8.5,0.426,2.0,2.7,0.745,1.0,3.9,2.3,1.2,0.8,1.4,10.3
183,Kelly Oubre Jr.,IND,,"SF, SG",67.0,26.3,4.5,9.9,0.459,2.0,2.6,0.759,1.2,4.4,1.3,1.1,0.5,1.1,12.2
184,Kevin Huerter,DET,,"SG, SF",69.0,23.6,4.0,8.9,0.448,0.8,1.0,0.768,1.6,3.5,2.6,0.9,0.5,1.1,10.3
185,Kris Dunn,LAC,,"PG, SG",75.0,22.0,2.4,5.1,0.462,0.4,0.6,0.733,0.8,2.9,3.1,1.4,0.3,1.1,6.0
186,Jamal Shead,TOR,,PG,81.0,23.3,2.5,6.6,0.372,1.1,1.4,0.788,1.1,1.8,5.5,1.0,0.2,1.5,7.1
187,Jonathan Kuminga,MIN,,"PF, SF",67.0,27.3,5.5,11.7,0.468,3.1,4.3,0.712,1.1,6.2,2.6,0.8,0.4,2.1,15.1
188,Bennedict Mathurin,NO,,"SF, SG",68.0,29.2,5.4,12.1,0.443,4.4,5.2,0.85,1.4,5.1,2.1,0.7,0.3,2.0,16.5
189,Isaiah Joe,DET,,SG,72.0,21.1,3.4,7.6,0.453,1.3,1.5,0.889,2.5,2.5,1.4,0.7,0.2,0.6,10.8
190,Jaylon Tyson,CLE,,"SG, SF",62.0,26.7,4.9,10.0,0.489,1.2,1.6,0.747,2.0,5.1,2.2,0.8,0.4,1.5,12.9
191,GG Jackson,MEM,,PF,69.0,23.0,4.9,10.1,0.484,2.1,2.9,0.74,1.3,4.5,1.5,0.6,0.8,1.6,13.2
192,Deandre Ayton,WSH,,C,64.0,23.8,5.2,8.6,0.609,1.0,1.4,0.689,0.0,7.6,1.0,0.6,0.7,1.2,11.5
193,T.J. McConnell,IND,,PG,70.0,17.8,4.3,8.0,0.536,0.6,0.8,0.768,0.2,2.5,4.9,1.0,0.2,1.4,9.4
194,Herbert Jones,NO,,"SF, PF",63.0,27.1,3.2,8.0,0.395,1.0,1.2,0.816,1.3,3.2,2.6,1.5,0.5,1.2,8.6
195,Derrick Jones Jr.,LAC,,"SF, PF",68.0,25.4,3.7,7.3,0.502,1.3,1.8,0.738,1.1,3.4,1.1,0.9,0.8,0.8,9.7
196,Danny Wolf,BKN,,"PF, C",71.0,24.1,3.6,8.9,0.405,1.7,2.2,0.769,1.4,5.7,2.6,0.6,0.6,1.5,10.3
197,Vince Williams Jr.,FA,O,"SG, PG",,,,,,,,,,,,,,,
198,Keon Ellis,BKN,,"SG, SF",72.0,21.0,2.4,5.4,0.45,0.8,1.0,0.75,1.4,2.0,1.1,1.2,0.7,0.6,7.0
199,Rui Hachimura,LAC,,"PF, SF",71.0,27.7,4.6,8.9,0.517,1.0,1.4,0.727,1.6,3.7,1.0,0.6,0.3,0.6,11.8
200,Gary Payton II,GS,,SG,,,,,,,,,,,,,,,
201,Mikel Brown Jr.,BKN,,PG,71.0,30.2,5.7,13.5,0.421,3.8,4.8,0.801,0.7,2.5,3.4,1.3,0.2,2.4,15.9
202,Al Horford,GS,,"C, PF",56.0,25.4,3.2,7.1,0.452,0.5,0.6,0.853,1.8,5.8,2.4,0.6,1.0,0.8,8.7
203,Jalen Smith,CHI,,"PF, C",66.0,19.5,3.5,7.3,0.485,1.3,1.7,0.75,1.4,6.4,1.2,0.4,0.8,0.9,9.8
204,Vit Krejci,POR,,PG,65.0,25.7,3.1,6.2,0.496,0.6,0.9,0.712,1.9,3.3,3.1,0.8,0.5,1.1,8.7
205,Khaman Maluach,PHX,,C,65.0,23.0,3.1,5.9,0.531,1.2,1.7,0.703,0.3,7.5,0.3,0.3,1.9,1.4,7.8
206,De'Andre Hunter,SAC,DTD,"SF, PF",65.0,27.6,5.2,11.6,0.45,3.0,3.5,0.851,2.1,4.0,1.7,0.7,0.2,1.5,15.5
207,Max Strus,LAC,,SF,67.0,25.9,3.5,8.3,0.423,0.8,1.0,0.791,2.0,4.0,3.2,0.7,0.3,1.2,9.9
208,Bradley Beal,LAC,DTD,"SF, SG",62.0,25.3,5.2,10.4,0.502,1.6,2.0,0.806,1.5,2.9,3.3,0.8,0.4,1.7,13.6
209,Scoot Henderson,POR,,"PG, SG",66.0,27.0,4.9,11.8,0.415,2.8,3.4,0.821,1.8,2.9,4.5,1.0,0.3,2.7,14.4
210,Jordan Walsh,BOS,,SF,71.0,21.5,2.4,4.7,0.503,0.8,1.0,0.761,0.9,4.8,1.0,0.9,0.6,0.6,6.4
211,Keaton Wagler,LAC,,"PG, SG",70.0,28.1,5.1,11.1,0.457,2.6,3.1,0.843,0.6,3.1,4.3,1.0,0.2,2.3,13.3
212,Gradey Dick,LAC,,"SG, SF",72.0,25.8,4.0,9.5,0.417,1.8,2.1,0.874,1.5,3.4,1.3,1.0,0.2,1.1,11.2
213,Naji Marshall,DAL,,"SF, PF",70.0,24.2,4.3,8.6,0.502,2.0,2.6,0.775,0.8,4.1,2.6,0.9,0.1,1.3,11.4
214,Gabe Vincent,FA,,PG,,,,,,,,,,,,,,,
215,Dennis Schroder,CHA,,PG,72.0,24.7,3.9,9.3,0.416,2.1,2.5,0.833,1.3,2.5,4.9,0.7,0.2,1.7,11.2
216,Christian Braun,DEN,,"SG, SF",65.0,27.5,4.2,7.9,0.531,1.7,2.1,0.788,0.9,4.2,2.3,0.7,0.3,0.8,10.9
217,Baylor Scheierman,BOS,,SG,72.0,25.1,2.6,5.9,0.447,0.5,0.6,0.907,1.7,4.7,2.0,0.8,0.1,0.8,7.5
218,Jimmy Butler III,GS,O,"SF, SG",39.0,32.4,6.1,12.1,0.506,6.3,7.4,0.855,0.8,5.4,5.1,1.4,0.3,1.5,19.4
219,Kingston Flemings,ATL,,"SG, PG",71.0,24.8,4.2,9.7,0.433,2.2,2.7,0.797,0.4,2.8,3.7,1.2,0.5,2.1,10.9
220,Ryan Dunn,PHX,,"SF, PF",71.0,22.6,2.8,6.3,0.45,0.4,0.8,0.491,1.0,4.8,1.6,1.0,0.5,0.9,7.0
221,Bub Carrington,WSH,,"PG, SG",82.0,25.1,3.4,8.1,0.42,0.9,1.2,0.745,1.8,3.1,4.1,0.6,0.2,2.0,9.5
222,Zaccharie Risacher,DAL,,SF,68.0,22.8,3.8,8.4,0.455,1.0,1.5,0.657,1.5,3.8,1.2,0.9,0.5,0.9,10.1
223,Matisse Thybulle,LAL,,SF,59.0,19.1,2.0,4.8,0.424,0.5,0.7,0.78,1.3,2.2,1.2,1.9,0.6,0.8,5.9
224,Jamal Cain,ORL,,SF,90.0,19.3,2.9,6.1,0.472,1.5,1.8,0.809,1.1,3.1,1.1,0.6,0.2,0.8,8.3
225,Luke Kennard,PHX,,SG,74.0,21.8,3.1,5.9,0.522,0.8,0.9,0.91,1.6,2.4,2.4,0.7,0.1,0.8,8.5
226,Anfernee Simons,PHI,,"SG, PG",66.0,25.1,5.3,12.2,0.434,1.6,1.8,0.899,2.5,2.3,3.0,0.5,0.1,1.4,14.7
227,Ziaire Williams,LAL,,"SF, SG",65.0,23.0,3.3,7.8,0.42,2.0,2.4,0.846,1.5,2.8,1.1,1.3,0.4,1.1,10.1
228,Kyle Kuzma,MIL,,"PF, SF",68.0,25.7,4.9,10.3,0.48,1.9,2.7,0.712,1.2,4.6,2.6,0.6,0.4,1.8,13.0
229,Klay Thompson,MIA,,"SG, SF",70.0,23.0,4.4,11.0,0.399,0.7,0.8,0.821,3.0,2.3,1.5,0.5,0.3,1.0,12.4
230,Brayden Burries,MIL,,SG,71.0,25.8,4.0,8.8,0.45,2.6,3.2,0.824,0.4,2.7,4.1,1.1,0.3,2.1,11.0
231,Brice Sensabaugh,UTAH,,"SF, SG",72.0,21.6,4.7,10.3,0.458,1.9,2.3,0.831,2.0,2.9,1.7,0.7,0.1,1.5,13.4
232,Aaron Wiggins,ATL,,"SG, SF",72.0,20.3,3.9,8.1,0.487,0.8,1.0,0.819,1.4,3.3,1.5,0.7,0.2,0.9,10.1
233,Isaiah Collier,UTAH,,PG,67.0,22.7,3.7,7.6,0.483,2.1,2.9,0.722,0.4,2.4,6.2,1.0,0.3,2.3,9.9
234,Tristan da Silva,ORL,,"SF, PF",77.0,21.4,3.1,6.9,0.444,0.9,1.0,0.883,1.3,3.2,1.4,0.7,0.3,0.8,8.3
235,Jaylen Wells,MEM,DTD,"SF, SG",71.0,25.0,4.0,9.4,0.43,1.7,2.2,0.788,1.8,3.1,1.5,0.8,0.1,1.0,11.6
236,Jared McCain,OKC,,"SG, PG",69.0,24.7,4.4,10.3,0.428,1.1,1.3,0.867,2.1,2.9,2.0,0.7,0.1,1.2,12.1
237,Lonzo Ball,FA,,"PG, SG",,,,,,,,,,,,,,,
238,Nique Clifford,SAC,,"SG, SF",72.0,27.4,3.6,8.7,0.419,1.0,1.4,0.723,1.1,4.1,2.6,1.0,0.3,1.7,9.4
239,Jaylin Williams,OKC,,"C, PF",67.0,19.0,2.2,5.2,0.425,1.0,1.3,0.793,1.5,5.4,2.4,0.5,0.6,1.0,6.9
240,Isaiah Jackson,LAC,,"PF, C",67.0,18.4,3.1,4.8,0.637,1.4,2.2,0.653,0.0,5.9,1.1,0.7,1.0,1.2,7.6
241,Jaylen Nowell,WSH,,SG,,,,,,,,,,,,,,,
242,Miles McBride,NY,,"SG, PG",65.0,22.2,3.4,8.1,0.421,0.7,0.9,0.797,2.2,2.1,2.2,0.8,0.2,0.6,9.7
243,Walter Clayton Jr.,MEM,DTD,"SG, PG",71.0,25.1,3.2,8.2,0.385,2.0,2.2,0.904,1.3,2.5,5.0,0.8,0.3,2.1,9.6
244,Bruce Brown,FA,,"SG, SF",,,,,,,,,,,,,,,
245,Cam Thomas,FA,,"SG, SF",,,,,,,,,,,,,,,
246,Ja'Kobe Walter,TOR,,SG,69.0,21.6,2.7,6.1,0.439,1.1,1.4,0.784,1.6,2.8,1.3,1.0,0.2,0.6,8.0
247,Jordan Poole,NO,,"SG, PG",66.0,22.1,4.5,11.1,0.409,2.1,2.4,0.873,2.0,2.0,3.2,0.8,0.3,1.9,13.2
248,AJ Green,MIL,,SG,76.0,25.4,2.9,6.9,0.426,0.6,0.7,0.849,2.6,2.4,1.7,0.5,0.1,0.8,9.0
249,Obi Toppin,IND,,PF,63.0,20.0,4.1,7.5,0.541,1.1,1.4,0.795,1.3,4.0,1.7,0.6,0.4,0.9,10.6
250,Paul Reed,DET,,"C, PF",63.0,13.8,3.1,5.1,0.604,1.1,1.6,0.673,0.2,4.4,1.2,0.9,0.9,0.9,
251,Corey Kispert,ATL,,"SF, SG",65.0,20.3,3.4,7.4,0.466,1.4,1.7,0.793,1.6,2.4,1.6,0.3,0.2,0.8,9.9
252,Bones Hyland,MIN,,PG,62.0,16.2,2.9,6.5,0.449,0.9,1.1,0.794,1.6,1.7,2.6,0.6,0.2,1.0,8.3
253,Landry Shamet,NY,,SG,67.0,20.8,2.9,6.5,0.44,0.9,1.2,0.725,1.8,1.6,1.2,0.6,0.2,0.6,8.4
254,Rob Dillingham,CHI,DTD,PG,68.0,20.5,3.5,8.7,0.397,0.8,1.1,0.733,0.9,2.7,3.1,1.0,0.1,2.1,8.6
255,Jarace Walker,IND,,"PF, SF",63.0,18.6,2.7,6.3,0.436,1.0,1.4,0.727,1.2,3.6,1.8,0.7,0.3,1.2,7.7
256,Khris Middleton,WSH,,"SF, PF",53.0,20.3,3.7,8.1,0.459,1.5,1.8,0.863,1.1,3.4,3.2,0.7,0.2,1.6,10.1
257,Kris Murray,MEM,,PF,68.0,21.9,2.2,4.8,0.457,0.6,1.0,0.647,0.6,3.4,1.3,0.8,0.4,0.8,5.6
258,Tristan Vukcevic,WSH,,PF,61.0,13.8,3.1,6.5,0.481,1.7,2.2,0.784,1.0,3.1,1.1,0.5,0.7,1.3,9.0
259,Cody Williams,MIN,,SG,64.0,22.8,3.2,7.0,0.455,1.1,1.6,0.706,0.4,2.7,1.9,0.7,0.4,1.0,7.9
260,Kevon Looney,LAL,,C,65.0,15.4,1.8,3.3,0.535,0.7,1.1,0.611,0.0,5.8,1.7,0.5,0.4,0.6,4.2
261,Terrence Shannon Jr.,MIN,,SG,69.0,20.7,3.0,6.6,0.453,2.1,2.6,0.804,1.2,2.0,1.5,0.5,0.1,0.9,9.2
262,Jarred Vanderbilt,LAL,,"PF, SF",62.0,17.6,1.8,3.7,0.485,0.6,1.0,0.597,0.4,4.7,1.2,1.0,0.3,0.9,4.5
263,Torrey Craig,FA,,PF,,,,,,,,,,,,,,,
264,Nate Ament,MIL,,SF,70.0,17.7,2.3,5.4,0.429,0.8,1.2,0.702,0.2,3.6,0.7,0.7,0.8,1.1,5.7
265,Thomas Bryant,CLE,,C,68.0,12.6,2.3,4.5,0.507,0.9,1.1,0.813,0.7,3.5,0.6,0.3,0.5,0.5,6.2
266,Tyus Jones,DEN,,PG,69.0,17.5,1.8,4.5,0.395,0.2,0.3,0.81,0.9,1.4,3.1,0.6,0.1,0.5,4.7
267,Delon Wright,FA,,PG,,,,,,,,,,,,,,,
268,Kenrich Williams,OKC,,SF,65.0,15.4,2.5,5.2,0.473,0.5,0.8,0.635,0.9,3.3,1.4,0.6,0.1,0.7,6.3
269,Garrison Mathews,FA,,SG,,,,,,,,,,,,,,,
270,Liam McNeeley,CHA,,SF,64.0,19.5,2.0,5.1,0.402,1.7,2.1,0.821,1.3,3.9,1.3,0.3,0.2,0.7,7.1
271,Dario Saric,DET,,PF,,,,,,,,,,,,,,,
272,Jordan Clarkson,NY,,"SG, SF",66.0,19.0,3.6,8.1,0.441,1.3,1.6,0.821,1.1,2.0,1.7,0.5,0.1,1.1,9.6
273,Asa Newell,ATL,,PF,66.0,14.1,2.5,4.7,0.539,0.4,0.8,0.547,0.8,2.7,0.7,0.4,0.4,0.6,6.3
274,Kelly Olynyk,FA,,C,,,,,,,,,,,,,,,
275,Ben Sheppard,IND,,"SG, SF",62.0,18.7,2.0,4.9,0.418,0.4,0.5,0.839,1.1,2.5,1.4,0.6,0.1,0.4,5.6
276,Julian Strawther,DEN,,SF,66.0,16.0,2.7,5.9,0.458,1.0,1.2,0.81,1.1,2.0,1.1,0.5,0.1,0.7,7.5
277,Moritz Wagner,BKN,,C,62.0,13.3,2.8,5.9,0.47,1.8,2.3,0.797,0.6,3.5,0.9,0.5,0.1,0.7,8.0
278,Zach Collins,CHI,DTD,C,56.0,14.7,2.6,5.0,0.529,1.1,1.4,0.782,0.6,4.2,1.5,0.3,0.4,0.9,7.0
279,Mike Conley,BOS,,PG,55.0,17.6,1.5,4.1,0.367,0.8,0.9,0.9,1.1,1.7,3.0,0.7,0.2,0.7,4.9
280,Caleb Martin,DAL,,SG,67.0,17.0,1.8,4.0,0.44,0.7,1.2,0.625,0.5,2.7,1.5,0.7,0.3,0.8,4.7
281,Nicolas Batum,FA,,PF,,,,,,,,,,,,,,,
282,Leonard Miller,CHI,,SF,62.0,13.6,2.8,5.0,0.552,0.7,1.0,0.742,0.6,3.4,0.8,0.3,0.3,0.7,6.9
283,Tre Mann,WSH,,"PG, SG",67.0,16.3,2.7,7.3,0.372,0.6,0.7,0.851,1.2,2.2,2.1,0.6,0.1,1.3,7.2
284,Taurean Prince,DET,,SF,62.0,16.4,2.1,4.6,0.453,0.3,0.3,0.842,1.4,2.1,1.2,0.5,0.2,0.7,5.8
285,Jericho Sims,MIL,,C,64.0,18.5,1.9,2.5,0.775,0.6,0.9,0.621,0.0,5.2,1.4,0.3,0.3,1.0,4.4
286,Jonathan Mogbo,SAC,,PF,66.0,12.6,1.4,2.8,0.503,0.5,0.8,0.679,0.1,3.2,1.3,0.5,0.4,0.7,3.5
287,Jevon Carter,ORL,,PG,51.0,15.4,2.2,5.6,0.395,0.2,0.3,0.8,1.4,1.6,1.6,0.7,0.2,0.6,6.1
288,Gary Trent Jr.,MIL,,"SG, SF",67.0,22.3,3.1,7.8,0.398,0.7,0.9,0.783,2.0,1.3,1.2,0.6,0.1,0.6,8.9
289,Drew Eubanks,FA,DTD,C,,,,,,,,,,,,,,,
290,Nick Richards,MIA,,C,,,,,,,,,,,,,,,
291,Dorian Finney-Smith,CHA,,PF,64.0,18.1,1.6,4.1,0.382,0.2,0.3,0.789,1.0,2.7,1.0,0.5,0.2,0.6,4.3
292,Mark Williams,PHX,O,C,24.0,24.9,5.2,8.3,0.628,2.5,3.2,0.779,0.0,8.9,1.5,0.8,1.0,1.2,12.9
293,D'Angelo Russell,MEM,,"PG, SG",48.0,17.2,3.2,7.8,0.409,1.4,1.8,0.767,1.3,2.0,3.5,0.5,0.2,1.5,9.0
294,Marcus Sasser,DAL,,PG,60.0,13.1,2.1,5.0,0.41,0.5,0.6,0.833,1.1,1.1,2.2,0.6,0.1,0.9,5.7
295,Jaylen Clark,MIN,,SG,68.0,13.1,1.4,3.3,0.438,0.7,1.0,0.662,0.5,1.7,0.6,0.7,0.1,0.3,4.0
296,Malaki Branham,ORL,,SG,,,,,,,,,,,,,,,
297,Josh Green,UTAH,,SG,59.0,18.3,1.7,3.8,0.451,0.5,0.6,0.829,1.1,2.0,1.0,0.7,0.1,0.7,5.0
298,Guerschon Yabusele,CHI,,"PF, C",,,,,,,,,,,,,,,
299,Rayan Rupert,PHI,,SG,61.0,15.7,1.8,4.6,0.391,0.6,0.8,0.776,0.6,2.7,1.0,0.8,0.1,0.8,4.9
300,Johnny Furphy,IND,O,SG,61.0,16.1,1.8,3.8,0.461,0.5,0.9,0.509,0.6,3.8,1.0,0.5,0.2,0.7,4.5
301,Jonas Valanciunas,FA,,C,,,,,,,,,,,,,,,
302,Kasparas Jakucionis,MIL,,PG,68.0,22.6,2.4,5.7,0.428,1.4,1.6,0.881,1.6,3.3,3.3,0.8,0.2,1.2,7.9
303,Ajay Mitchell,OKC,DTD,"PG, SG",55.0,23.5,4.5,9.3,0.484,2.2,2.5,0.862,1.0,3.0,3.3,1.1,0.3,1.3,12.2
304,Ronald Holland II,DET,,"SF, PF",79.0,18.5,2.8,6.4,0.441,1.4,1.8,0.796,0.6,3.6,1.2,1.0,0.3,1.1,7.6
305,Tre Johnson,WSH,,SG,68.0,25.3,4.8,11.4,0.419,1.3,1.5,0.873,2.0,3.0,2.1,0.6,0.3,1.6,12.9
306,Kentavious Caldwell-Pope,PHI,DTD,"SG, SF",68.0,23.6,2.7,6.2,0.438,1.1,1.2,0.89,1.2,2.0,1.9,1.0,0.3,0.8,7.7
307,Gui Santos,GS,,SF,66.0,23.9,2.7,5.7,0.465,1.0,1.4,0.728,1.1,5.4,2.4,0.8,0.3,1.3,7.4
308,Hugo Gonzalez,BOS,,SF,74.0,21.7,2.3,4.9,0.477,0.3,0.5,0.514,0.8,4.9,0.8,0.8,0.4,0.8,5.8
309,Hannes Steinbach,CHA,,PF,71.0,17.9,2.8,5.9,0.473,1.3,1.7,0.76,0.2,4.1,1.1,0.7,0.9,0.9,7.1
310,Marcus Smart,HOU,,"SG, PG",62.0,24.4,3.0,7.6,0.401,1.6,2.0,0.798,1.5,2.4,3.0,1.3,0.3,1.6,9.2
311,Andre Drummond,NY,,C,60.0,19.4,2.7,5.5,0.482,0.9,1.5,0.622,0.4,8.4,1.2,0.7,0.7,1.0,6.7
312,Nikola Jovic,MIA,,PF,71.0,22.9,3.3,8.5,0.386,1.8,2.5,0.702,1.4,4.2,2.8,0.7,0.4,1.7,9.7
313,Jaden Ivey,FA,DTD,"SG, PG",,,,,,,,,,,,,,,
314,Jose Alvarado,NY,,PG,66.0,20.4,2.8,6.9,0.413,0.6,0.8,0.755,1.5,2.5,3.5,1.0,0.1,1.2,7.8
315,Sam Merrill,CLE,,SG,62.0,23.0,3.6,7.9,0.451,0.9,1.0,0.871,2.6,2.3,2.0,0.6,0.1,0.7,10.6
316,Harrison Barnes,SA,,"PF, SF",80.0,20.5,3.0,6.2,0.48,1.3,1.6,0.813,1.4,2.4,1.2,0.5,0.1,0.5,8.7
317,Marvin Bagley III,DEN,,"PF, C",61.0,19.1,4.0,6.6,0.61,1.5,2.3,0.664,0.4,5.8,1.3,0.4,0.7,1.0,10.0
318,Quenton Jackson,IND,,"PG, SG",,,,,,,,,,,,,,,
319,Luke Kornet,SA,,C,71.0,15.6,2.1,3.1,0.664,0.9,1.1,0.795,0.0,4.4,1.3,0.4,0.8,0.3,5.0
320,Kevin Love,FA,,PF,,,,,,,,,,,,,,,
321,Nolan Traore,BKN,DTD,PG,71.0,25.0,3.6,9.6,0.38,1.5,1.9,0.785,1.2,2.0,4.3,0.9,0.5,2.6,10.0
322,Jeremy Sochan,POR,,PF,66.0,21.3,3.4,7.2,0.478,1.1,1.5,0.737,0.6,4.9,2.2,0.7,0.4,1.3,8.5
323,Georges Niang,GS,,PF,,,,,,,,,,,,,,,
324,Clint Capela,HOU,,C,62.0,16.8,2.8,5.1,0.557,1.0,1.6,0.596,0.0,6.7,0.9,0.5,0.9,0.7,6.6
325,Terance Mann,BKN,,"SG, SF",71.0,23.8,2.8,5.9,0.468,0.9,1.2,0.776,0.9,3.1,2.7,0.7,0.2,1.0,7.3
326,Caris LeVert,MIL,,"SG, SF",61.0,20.7,3.1,7.3,0.427,1.2,1.7,0.692,1.1,2.3,2.9,0.9,0.6,1.4,8.5
327,Goga Bitadze,ORL,,C,65.0,13.3,2.0,3.1,0.658,0.9,1.3,0.694,0.0,4.3,1.2,0.5,0.9,0.6,5.0
328,Adem Bona,PHI,,C,69.0,17.2,1.9,3.1,0.607,1.1,1.6,0.709,0.0,4.3,0.5,0.4,1.2,0.8,4.9
329,Simone Fontecchio,MIA,,SF,71.0,17.1,2.7,6.5,0.413,1.2,1.4,0.848,1.6,3.0,1.4,0.5,0.1,0.7,8.2
330,Cole Anthony,FA,,"PG, SG",,,,,,,,,,,,,,,
331,Trayce Jackson-Davis,TOR,,PF,65.0,15.9,2.9,4.6,0.629,1.0,1.9,0.548,0.0,4.9,1.4,0.4,0.8,0.7,6.8
332,Mouhamed Gueye,ATL,DTD,PF,70.0,15.4,1.8,3.9,0.451,0.5,0.8,0.661,0.5,3.6,0.9,0.8,0.5,0.4,4.6
333,Larry Nance Jr.,IND,,PF,62.0,17.8,2.3,4.5,0.52,0.5,0.7,0.721,0.7,4.2,1.5,0.8,0.3,0.7,5.9
334,Noah Clowney,BKN,,PF,69.0,19.6,2.7,6.9,0.395,1.9,2.4,0.801,1.4,3.1,1.1,0.5,0.5,1.1,8.8
335,Kyle Anderson,TOR,,"SF, PF",62.0,17.7,2.2,4.5,0.48,0.9,1.3,0.716,0.2,3.1,2.9,0.8,0.5,0.8,5.5
336,Buddy Hield,ATL,,"SG, SF",62.0,18.2,3.2,7.4,0.431,0.6,0.7,0.837,1.8,2.5,1.5,0.8,0.2,1.0,8.7
337,Olivier-Maxence Prosper,MEM,,PF,64.0,17.1,3.2,6.0,0.534,1.5,2.0,0.742,1.0,3.3,0.9,0.7,0.2,0.8,8.9
338,Patrick Williams,CHI,,PF,72.0,20.0,2.5,6.5,0.378,0.7,1.0,0.722,1.3,2.9,1.4,0.7,0.4,1.0,6.9
339,KJ Martin,UTAH,,SF,,,,,,,,,,,,,,,
340,Dean Wade,PHI,,PF,58.0,21.5,1.9,4.5,0.425,0.4,0.6,0.657,1.3,4.1,1.2,0.7,0.4,0.3,5.6
341,John Konchar,MIN,,SG,,,,,,,,,,,,,,,
342,Isaac Okoro,CHI,,"SF, SG",68.0,21.6,2.7,5.8,0.462,1.1,1.4,0.779,0.9,2.3,1.3,0.6,0.4,0.6,7.4
343,Bogdan Bogdanovic,HOU,,"SG, SF",65.0,17.6,3.1,7.3,0.423,1.0,1.1,0.889,1.6,2.1,1.9,0.6,0.2,0.9,8.8
344,Vasilije Micic,FA,,PG,,,,,,,,,,,,,,,
345,Trey Lyles,MIN,,PF,64.0,19.7,2.4,5.5,0.432,0.8,1.2,0.701,1.3,4.5,1.2,0.5,0.3,0.6,6.9
346,Jeremiah Robinson-Earl,DAL,,PF,,,,,,,,,,,,,,,
347,Grant Williams,CHA,,PF,63.0,19.4,2.2,5.1,0.433,1.1,1.4,0.807,1.3,3.7,1.5,0.5,0.5,0.9,6.9
348,Alec Burks,FA,,SG,,,,,,,,,,,,,,,
349,Jaxson Hayes,UTAH,,C,64.0,16.8,2.6,3.5,0.737,1.2,1.8,0.643,0.0,3.9,0.8,0.5,0.7,0.6,6.3
350,Nick Smith Jr.,FA,,SG,,,,,,,,,,,,,,,
351,Dwight Powell,FA,,C,,,,,,,,,,,,,,,
352,Ben Simmons,SAC,,PG,37.0,21.2,2.3,4.3,0.528,0.5,0.7,0.654,0.0,5.0,5.3,0.7,0.5,1.9,5.0
353,Ochai Agbaji,FA,,SF,,,,,,,,,,,,,,,
354,Jalen Wilson,ATL,,PF,63.0,18.0,2.3,5.7,0.398,1.3,1.8,0.743,1.1,2.4,1.1,0.4,0.0,0.8,7.0
355,Chris Boucher,FA,,"PF, C",,,,,,,,,,,,,,,
356,Jonathan Isaac,ORL,DTD,PF,55.0,11.3,1.2,2.7,0.43,0.8,1.2,0.636,0.3,3.0,0.5,0.5,0.7,0.4,3.3
357,Jaden Hardy,LAL,,SG,60.0,15.3,3.1,7.2,0.424,1.0,1.3,0.731,1.5,1.6,1.2,0.3,0.1,1.1,8.6
358,Sidy Cissoko,POR,,SG,62.0,16.2,1.5,3.8,0.407,0.7,1.1,0.662,0.6,2.0,1.3,0.6,0.3,0.8,4.5
359,Maxi Kleber,FA,,PF,,,,,,,,,,,,,,,
360,Jordan McLaughlin,SA,,PG,64.0,10.1,1.1,2.5,0.45,0.3,0.4,0.769,0.6,1.1,1.6,0.6,0.1,0.4,3.2
361,Jordan Hawkins,MEM,,SG,65.0,15.4,2.2,5.9,0.37,0.7,0.8,0.846,1.1,1.9,0.9,0.3,0.2,0.7,6.2
362,Dalen Terry,FA,,SF,,,,,,,,,,,,,,,
363,Kobe Bufkin,FA,,PG,,,,,,,,,,,,,,,
364,Jett Howard,DAL,,SF,66.0,12.4,1.8,4.5,0.411,0.5,0.6,0.9,1.0,1.5,0.8,0.2,0.2,0.3,5.2
365,Steven Adams,HOU,DTD,C,63.0,12.0,1.3,2.4,0.523,0.7,1.4,0.523,0.0,4.7,0.9,0.3,0.4,0.7,3.2
366,Shaedon Sharpe,POR,O,"SG, SF",27.0,25.4,6.3,14.0,0.45,2.5,3.2,0.791,1.7,3.7,2.3,1.0,0.1,2.2,16.8
367,Aaron Holiday,FA,,PG,,,,,,,,,,,,,,,
368,Dalton Knecht,LAL,,"SG, SF",66.0,12.0,2.0,4.3,0.458,0.4,0.5,0.727,0.9,1.7,0.5,0.2,0.2,0.4,5.2
369,Andre Jackson Jr.,TOR,,SG,,,,,,,,,,,,,,,
370,Bronny James,LAL,,"PG, SG",63.0,11.9,1.5,3.7,0.399,0.3,0.3,0.842,0.7,0.8,1.6,0.6,0.1,0.8,3.9
371,Pat Connaughton,CHA,,SG,66.0,9.4,1.2,2.6,0.448,0.3,0.5,0.697,0.6,1.8,0.8,0.3,0.1,0.3,3.2
372,Koby Brea,PHX,,SG,63.0,10.2,1.8,4.3,0.417,0.2,0.2,1.0,1.6,1.0,1.2,0.1,0.0,0.5,5.3
373,Kobe Brown,IND,,PF,62.0,10.8,1.3,2.9,0.456,0.3,0.4,0.76,0.5,2.1,0.9,0.3,0.1,0.5,3.4
374,Dariq Whitehead,FA,,SF,,,,,,,,,,,,,,,
375,Gary Harris,DET,,SG,48.0,14.5,1.0,2.4,0.435,0.2,0.2,0.8,0.6,1.3,1.0,0.6,0.2,0.4,2.9
376,Jae'Sean Tate,HOU,,SF,54.0,12.1,1.4,2.9,0.484,0.4,0.6,0.688,0.3,2.3,0.8,0.5,0.1,0.4,3.5
377,Mohamed Diawara,NY,DTD,PF,69.0,9.2,1.3,3.1,0.421,0.2,0.3,0.762,0.7,1.4,0.8,0.2,0.1,0.4,3.5
378,Jase Richardson,ORL,,SG,54.0,10.9,1.6,3.5,0.471,0.6,0.9,0.714,0.5,1.2,1.1,0.4,0.0,0.5,4.5
379,Noa Essengue,CHI,,PF,64.0,7.9,0.0,4.0,0.0,0.0,0.0,0.0,0.0,0.0,0.0,1.3,0.0,0.0,0.0
380,Mason Plumlee,FA,,C,,,,,,,,,,,,,,,
381,Julian Phillips,MIN,,SF,52.0,10.1,1.2,2.7,0.429,0.5,0.6,0.774,0.5,1.3,0.3,0.5,0.2,0.3,3.2
382,Jalen Pickett,LAC,,"SG, PG",49.0,11.3,1.3,3.2,0.42,0.2,0.2,0.8,0.7,1.5,1.6,0.2,0.1,0.5,3.6
383,Pacome Dadiet,NY,,SF,58.0,9.0,1.0,3.1,0.333,0.6,0.7,0.805,0.4,1.7,0.7,0.2,0.1,0.2,3.1
384,Yang Hansen,POR,,C,65.0,12.7,1.3,4.2,0.311,1.2,1.4,0.824,0.2,2.8,0.9,0.1,0.4,1.4,4.0
385,Moses Moody,GS,O,"SG, SF",12.0,24.7,3.9,8.9,0.439,1.4,1.8,0.773,2.3,3.2,1.5,0.9,0.5,0.9,11.6
386,Charles Bassey,GS,,C,17.0,11.3,2.2,3.4,0.638,0.9,1.3,0.682,0.0,4.3,0.5,0.3,0.8,0.5,5.2
387,Johni Broome,LAC,,PF,33.0,8.3,0.6,3.6,0.168,0.3,0.9,0.333,0.0,2.4,0.6,0.5,0.3,0.5,1.5
388,Donte DiVincenzo,MIN,O,"SG, PG",4.0,24.1,3.5,8.3,0.424,0.8,1.0,0.75,2.5,3.3,3.0,1.0,0.3,1.3,10.3
389,Garrett Temple,TOR,,SG,,,,,,,,,,,,,,,
390,Jordan Miller,LAC,O,SF,,,,,,,,,,,,,,,
391,Xavier Tillman,FA,,PF,,,,,,,,,,,,,,,
392,Hunter Tyson,FA,,SF,,,,,,,,,,,,,,,
393,Caleb Houstan,FA,,SF,,,,,,,,,,,,,,,
394,Dalano Banton,FA,,PG,,,,,,,,,,,,,,,
395,Cameron Payne,FA,DTD,PG,,,,,,,,,,,,,,,
396,Cam Whitmore,FA,DTD,"SF, PF",,,,,,,,,,,,,,,
397,Killian Hayes,FA,,PG,,,,,,,,,,,,,,,
398,Joe Ingles,FA,,SF,,,,,,,,,,,,,,,
399,Kyle Lowry,PHI,,PG,,,,,,,,,,,,,,,
400,Jeff Green,FA,,PF,,,,,,,,,,,,,,,
