Rank,Player,Team,Pos,DraftZ,PTS,FG,FG3,FT,RB,AST,BLK,STL,TO,Min,FGA,FGpct,FTA,FTpct
1,Victor Wembanyama,SA,C,16.78,25.6,8.7,2.3,5.8,11.4,3.5,3.1,1.3,3.4,35.8,17.1,.511,7.1,.825
2,Nikola Jokic,DEN,C,16.26,27.7,9.9,1.8,6.1,11.9,10.2,.7,1.8,3.9,36.0,17.4,.569,7.4,.833
3,Shai Gilgeous-Alexander,OKC,PG,17.17,30.8,10.7,1.6,7.9,4.4,6.8,1.0,1.4,2.2,30.6,19.3,.554,8.9,.881
4,Luka Doncic,LAL,PG,10.93,31.1,10.3,3.2,7.4,8.3,9.8,.6,1.7,4.5,38.3,21.5,.476,9.5,.781
5,Kevin Durant,HOU,"PF,SF",11.16,24.0,8.4,2.3,4.8,5.1,4.5,.8,.8,3.0,37.6,16.2,.521,5.5,.874
6,Karl-Anthony Towns,NY,C,9.82,20.5,6.9,1.9,4.7,11.3,3.5,.7,.8,2.0,33.6,13.8,.501,5.5,.859
7,Scottie Barnes,TOR,"SF,SG",10.70,18.6,7.3,.9,3.1,7.7,7.0,1.4,1.7,2.9,34.2,14.4,.507,3.8,.816
8,Cade Cunningham,DET,PG,8.77,24.8,9.0,1.7,5.1,5.5,9.2,.9,1.5,3.9,40.0,19.5,.461,6.3,.813
9,Anthony Edwards,MIN,"SG,SF",9.20,28.2,9.5,3.7,5.5,5.4,3.3,.7,1.4,3.0,34.5,19.4,.489,6.9,.797
10,Tyrese Maxey,PHI,"PG,SG",9.45,23.4,8.2,2.7,4.3,3.3,5.7,.5,1.6,2.1,40.6,17.6,.463,4.9,.894
11,Jayson Tatum,BOS,"PF,SF",8.53,25.7,8.7,3.5,4.8,8.2,5.9,.4,1.2,2.5,39.1,21.2,.411,5.8,.823
12,Jamal Murray,DEN,PG,10.90,22.1,7.5,3.2,3.9,4.0,7.5,.5,.9,2.0,36.8,15.5,.483,4.4,.889
13,Donovan Mitchell,CLE,"SG,PG",10.37,27.2,9.2,3.8,5.0,4.4,5.0,.2,1.3,2.4,29.6,18.9,.484,5.8,.865
14,James Harden,CLE,"PG,SG",10.06,20.3,5.9,2.8,5.7,4.3,8.2,.6,1.2,2.8,38.0,13.7,.434,6.4,.885
15,Jalen Johnson,ATL,PF,9.22,21.1,7.8,1.5,3.9,9.9,8.0,.6,1.5,3.0,29.8,16.0,.489,5.0,.790
16,Cooper Flagg,DAL,"SF,PF",7.71,22.6,8.5,1.5,4.3,7.0,4.1,1.2,1.5,2.1,34.1,18.0,.468,5.2,.828
17,Stephen Curry,GS,PG,9.47,25.0,8.0,4.7,4.4,3.5,6.0,.4,1.0,2.3,28.7,17.1,.468,4.7,.925
18,Kawhi Leonard,TOR,"SF,PF",8.46,23.1,8.1,2.1,4.8,4.8,3.2,.3,1.4,1.7,36.4,16.1,.505,5.3,.894
19,Austin Reaves,LAL,"SG,PG",8.98,20.6,6.5,2.0,5.6,4.2,6.6,.3,1.3,3.1,30.1,13.2,.490,6.4,.871
20,Chet Holmgren,OKC,"C,PF",8.09,17.5,6.4,1.3,3.3,8.5,1.8,1.8,.6,1.6,34.6,11.5,.557,4.2,.793
21,Desmond Bane,ORL,"SG,SF",9.08,19.4,6.7,2.4,3.6,4.6,4.3,.5,1.0,1.9,39.6,13.8,.484,3.9,.909
22,Trae Young,WSH,PG,7.34,22.1,7.8,2.9,3.4,2.8,10.2,.1,1.3,4.3,30.5,16.7,.471,4.4,.784
23,Devin Booker,PHX,"SG,PG",6.91,24.7,7.9,2.4,6.5,3.7,6.9,.2,.8,3.3,39.7,17.3,.456,7.5,.875
24,Amen Thompson,HOU,"SF,SG",6.43,17.9,6.9,.3,3.8,7.6,3.4,1.1,1.4,2.2,31.4,12.9,.534,4.8,.780
25,Anthony Davis,WSH,"PF,C",5.60,22.3,9.3,.6,3.2,10.6,2.7,1.9,1.3,2.0,34.9,18.3,.506,4.4,.731
26,Giannis Antetokounmpo,MIA,"PF,C",4.76,30.8,11.7,.3,7.2,11.2,7.1,1.0,.9,2.7,30.0,18.7,.624,11.1,.650
27,Jaylen Brown,PHI,"SF,SG",6.28,22.6,8.0,1.9,4.6,5.4,3.9,.5,1.3,2.8,30.6,16.8,.477,5.8,.796
28,Lauri Markkanen,UTAH,"PF,SF",8.76,24.5,8.2,3.1,5.1,6.5,1.7,.5,1.0,1.4,39.2,17.1,.477,5.7,.898
29,Domantas Sabonis,SAC,"C,PF",6.02,17.4,6.8,.7,3.2,11.8,6.1,.3,.6,2.4,30.7,12.5,.544,4.3,.728
30,LeBron James,PHI,"SF,PF",5.76,21.0,7.7,1.8,3.8,5.9,8.0,.5,1.0,3.3,32.0,14.9,.515,5.1,.739
31,Jalen Brunson,NY,PG,6.51,23.8,8.6,2.1,4.4,2.8,7.7,.1,.8,2.7,30.9,18.5,.466,5.2,.839
32,Trey Murphy,NO,"SF,SG",7.49,20.7,7.3,2.9,3.2,5.1,3.9,.6,1.2,1.5,35.1,15.6,.471,3.6,.888
33,Jalen Williams,OKC,"PF,SF",5.73,20.7,7.8,1.2,3.9,4.9,4.7,.6,1.2,1.9,34.6,16.1,.485,4.7,.838
34,Kon Knueppel,CHA,"SF,SG",6.86,19.3,6.5,3.9,2.5,5.3,2.9,.2,.6,1.7,35.7,13.7,.475,2.8,.865
35,Paolo Banchero,ORL,"PF,SF",5.42,24.9,8.1,1.7,7.0,7.7,5.0,.7,.6,2.9,37.4,17.6,.460,9.0,.775
36,Josh Giddey,CHI,"PG,SG",5.74,15.4,5.3,1.8,2.9,8.1,7.6,.6,1.3,3.6,31.7,11.9,.448,3.8,.764
37,Alperen Sengun,HOU,C,5.05,19.7,7.9,.4,3.5,9.3,6.3,1.1,1.0,2.4,34.5,15.2,.519,5.1,.692
38,Nickeil Alexander-Walker,ATL,"SG,PG",7.73,19.5,6.4,3.6,3.2,3.7,3.5,.5,1.1,2.0,27.7,13.9,.459,3.6,.905
39,Derrick White,BOS,"SG,PG",6.49,15.6,5.4,2.6,2.3,4.2,6.1,1.0,1.1,2.0,35.0,13.6,.395,2.5,.906
40,Jalen Duren,DET,C,6.09,16.7,6.4,0.0,3.9,10.7,2.4,1.0,.7,2.1,29.0,9.8,.650,5.3,.747
41,Keyonte George,UTAH,"PG,SG",7.24,19.6,6.1,2.2,5.2,3.6,6.9,.2,.8,3.3,37.0,13.5,.456,5.8,.892
42,Bam Adebayo,MIA,"C,PF",4.66,18.1,6.3,1.4,4.1,9.2,3.9,.6,1.1,1.7,32.3,14.3,.442,5.3,.779
43,Tyler Herro,MIL,"SG,PG",6.53,21.5,7.6,3.3,3.0,4.5,4.0,.2,.6,2.4,35.1,15.8,.480,3.3,.921
44,LaMelo Ball,MIN,PG,4.91,17.5,6.5,2.5,2.1,4.2,5.6,.2,1.0,2.5,33.4,15.9,.407,2.3,.903
45,Brandon Miller,CHA,"SF,SG",5.97,19.4,6.7,3.0,2.9,4.8,3.9,.8,.8,3.0,31.9,15.4,.435,3.3,.895
46,Jaden McDaniels,MIN,"PF,SF",6.40,15.2,5.8,1.4,2.1,5.5,2.6,1.0,1.3,2.0,32.6,11.3,.516,2.4,.839
47,Brandon Ingram,LAC,"SF,PF",6.04,22.3,8.3,1.8,3.9,5.5,4.8,.7,.9,2.4,29.2,17.4,.477,4.8,.821
48,Payton Pritchard,BOS,"PG,SG",6.50,16.9,6.1,3.3,1.5,3.2,5.5,.1,.7,1.4,26.2,13.1,.464,1.6,.896
49,Joel Embiid,PHI,C,4.65,22.3,7.4,1.2,6.2,6.9,3.1,1.0,.6,2.5,28.9,15.2,.490,7.3,.855
50,Darius Garland,LAC,PG,5.94,20.7,7.5,3.1,2.6,2.6,7.3,.1,1.0,2.8,27.9,16.4,.460,3.0,.864
51,Julius Randle,BKN,PF,5.18,19.4,6.7,1.4,4.6,6.7,4.6,.2,.9,3.3,29.3,14.0,.481,5.7,.803
52,Franz Wagner,ORL,"SF,PF",4.70,22.1,7.6,1.7,5.1,5.2,4.0,.3,1.0,1.7,38.2,15.9,.482,6.2,.825
53,Deni Avdija,POR,"SF,PF",4.59,18.4,5.7,1.4,5.7,6.6,5.2,.5,.8,3.3,28.5,12.3,.462,7.0,.803
54,Coby White,CHA,"SG,PG",5.41,20.2,6.3,3.2,4.5,3.5,5.6,.1,.7,2.7,30.9,14.1,.447,5.4,.819
55,Jaren Jackson,UTAH,"C,PF",4.92,20.3,7.5,1.7,3.6,5.6,1.7,1.3,1.3,2.4,33.5,15.8,.476,4.5,.805
56,Onyeka Okongwu,ATL,C,5.04,14.3,5.4,1.5,2.0,7.5,2.8,1.2,1.3,1.3,26.0,11.2,.481,2.6,.760
57,Matas Buzelis,CHI,"SF,PF",5.18,16.0,5.8,2.0,2.4,6.1,1.8,2.0,.6,1.8,31.1,12.5,.463,3.1,.789
58,OG Anunoby,NY,"PF,SF",4.76,16.6,5.8,2.2,2.7,4.5,2.1,.7,1.4,1.4,31.5,12.0,.487,3.3,.825
59,Zach LaVine,SAC,"SG,SF",5.56,20.7,7.2,2.9,3.4,3.5,3.8,.2,.6,2.3,36.5,15.1,.479,3.9,.882
60,Tyrese Haliburton,IND,"PG,SG",4.74,17.7,6.1,2.8,2.7,3.0,9.7,.5,1.2,1.8,33.1,12.9,.471,3.4,.783
61,VJ Edgecombe,PHI,SG,5.16,14.9,5.6,1.7,1.9,5.2,4.7,.6,1.6,1.4,29.9,12.9,.438,2.3,.820
62,De'Aaron Fox,SA,"PG,SG",4.62,17.8,6.8,1.7,2.5,3.6,6.3,.3,1.5,2.3,26.0,13.9,.485,3.3,.761
63,Ryan Rollins,MIL,"PG,SG",5.20,15.6,5.9,2.4,1.5,4.0,5.1,.4,1.5,2.6,25.6,12.4,.472,1.9,.797
64,Dyson Daniels,ATL,"SG,PG",4.45,12.1,5.2,.6,1.0,6.0,5.0,.6,2.3,1.8,36.7,10.1,.518,1.6,.617
65,Miles Bridges,PHX,"SF,PF",4.53,17.9,6.4,2.2,2.8,5.9,3.5,.5,.7,1.6,27.5,14.0,.460,3.4,.824
66,Michael Porter,BKN,"SF,PF",4.11,19.9,7.0,2.7,3.1,6.6,2.8,.4,.8,1.8,28.3,15.2,.464,3.6,.863
67,Walker Kessler,LAL,C,3.88,10.8,4.2,.5,1.9,10.5,1.9,2.1,.6,1.7,32.0,9.0,.471,2.4,.788
68,Evan Mobley,CLE,"PF,C",3.11,19.1,7.5,1.3,2.9,9.3,3.7,1.6,.8,2.2,28.1,13.7,.547,4.7,.607
69,Mikal Bridges,NY,"SF,SG",4.01,15.2,6.0,2.1,1.0,3.1,3.1,.6,1.0,1.4,30.1,12.3,.488,1.3,.832
70,Kel'el Ware,MIL,C,4.81,12.3,5.1,1.0,1.1,9.7,1.1,1.2,.9,1.2,25.5,9.7,.530,1.4,.752
71,Immanuel Quickley,TOR,"PG,SG",4.96,16.7,6.0,2.2,2.5,3.9,5.2,.1,1.2,1.3,27.4,13.5,.443,3.1,.825
72,DeMar DeRozan,DEN,"SF,PF",4.22,16.3,5.7,.7,4.3,2.6,2.6,.4,1.1,.9,28.3,11.5,.497,4.9,.870
73,Donovan Clingan,POR,C,4.12,10.8,4.2,.9,1.6,11.1,2.1,1.8,.5,1.5,28.2,8.0,.521,2.4,.682
74,Naz Reid,CHA,"C,PF",4.26,15.5,6.0,2.1,1.4,6.6,2.3,1.2,.9,1.8,28.1,13.2,.456,1.8,.736
75,Ja Morant,POR,PG,4.50,18.9,6.3,1.2,5.0,3.1,7.2,.2,1.0,3.5,33.9,15.5,.410,5.6,.898
76,Cameron Boozer,MEM,PF,4.07,16.3,6.2,1.2,2.7,6.7,4.2,.7,1.3,2.2,32.4,13.1,.471,3.4,.784
77,Ivica Zubac,IND,C,3.59,14.8,6.3,0.0,2.2,10.6,2.0,.9,.5,1.8,29.3,10.6,.598,3.1,.714
78,Andrew Wiggins,MIA,"SF,PF",4.22,17.1,6.4,2.3,2.1,4.7,3.1,.9,1.3,1.4,29.4,13.4,.475,2.6,.784
79,Cameron Johnson,DEN,"PF,SF",4.21,15.1,5.3,2.3,2.2,4.0,3.1,.3,1.0,1.2,33.0,11.1,.480,2.6,.840
80,Quentin Grimes,LAL,"SG,SF",4.41,15.0,4.9,2.2,2.9,4.1,4.1,.4,1.0,2.2,33.3,10.9,.451,3.4,.841
81,Cedric Coward,MEM,"SG,SF",4.11,16.4,5.9,2.0,2.7,6.2,2.8,.5,.8,1.9,29.2,12.5,.471,3.2,.847
82,Isaiah Joe,DET,SG,4.38,12.9,3.9,3.5,1.7,2.9,2.0,.2,.9,.7,20.8,8.5,.456,1.9,.899
83,Dejounte Murray,NO,"PG,SG",4.05,16.7,6.3,1.5,2.7,5.6,6.4,.3,1.8,3.7,27.1,13.3,.472,3.5,.784
84,Jalen Suggs,ORL,"PG,SG",4.31,14.5,5.2,2.3,1.8,3.8,4.0,.9,1.9,2.6,29.5,12.0,.435,2.1,.856
85,Alex Sarr,WSH,"C,PF",3.45,16.0,6.3,1.5,2.0,7.1,2.7,2.0,.8,2.1,24.6,13.0,.482,2.8,.689
86,Norman Powell,CHI,"SG,SF",3.64,20.1,6.7,2.6,4.2,3.1,2.4,.2,1.0,1.7,26.6,14.2,.471,5.0,.829
87,Josh Hart,NY,"SG,SF",3.38,11.2,4.4,1.1,1.3,7.6,4.3,.3,1.2,1.7,25.5,8.7,.511,1.8,.721
88,Brandin Podziemski,GS,"SG,PG",4.47,14.6,5.1,1.9,2.5,5.6,4.0,.2,1.2,1.5,32.4,11.2,.455,3.1,.800
89,Dylan Harper,SA,"SG,PG",3.92,15.3,6.3,1.0,1.7,4.3,5.4,.5,1.1,1.7,28.8,12.5,.505,2.2,.764
90,Sandro Mamukelashvili,LAL,"PF,C",4.09,13.5,4.9,2.0,1.8,5.8,1.9,.6,1.0,.9,24.4,9.4,.523,2.3,.747
91,Jabari Smith,HOU,"PF,C",3.81,14.6,5.2,2.2,1.9,7.0,1.4,1.0,.6,1.3,31.9,11.6,.450,2.5,.778
92,Jarrett Allen,CLE,C,3.38,13.8,5.4,0.0,3.0,8.5,2.2,.9,.9,1.1,29.6,8.5,.639,4.2,.711
93,Toumani Camara,POR,"PF,SF",3.53,12.3,4.3,2.6,1.1,5.2,2.1,.6,1.5,1.3,39.4,9.8,.440,1.5,.713
94,Saddiq Bey,NO,"SF,PF",3.72,16.4,5.7,1.8,3.2,4.9,2.1,.1,1.0,.9,30.9,12.6,.451,3.8,.841
95,Keegan Murray,SAC,"PF,SF",3.45,16.6,6.1,2.5,1.8,6.3,1.4,1.2,1.0,.9,29.4,14.5,.420,2.4,.777
96,Derik Queen,NO,"C,PF",3.49,12.2,4.5,.3,2.8,7.4,3.3,1.2,.9,2.5,24.8,9.6,.474,3.5,.796
97,Reed Sheppard,HOU,"PG,SG",3.67,12.1,4.3,2.7,.7,2.9,2.7,.7,1.6,1.4,23.2,10.0,.430,.9,.803
98,Cason Wallace,OKC,"SG,PG",3.80,9.3,3.5,1.6,.8,3.4,2.6,.5,2.5,.9,31.8,8.1,.432,.9,.819
99,CJ McCollum,ATL,"PG,SG",3.56,18.3,6.8,2.4,2.4,3.4,4.2,.4,.8,1.7,35.9,14.9,.455,3.0,.775
100,Myles Turner,MIL,C,3.13,12.7,4.4,2.0,2.0,5.4,1.7,1.6,.7,1.3,25.7,10.0,.440,2.7,.741
101,Cam Spencer,MEM,"SG,PG",3.65,10.6,3.6,1.7,1.7,2.4,4.5,.1,.6,1.3,23.0,7.6,.474,1.8,.943
102,Neemias Queta,BOS,C,3.30,9.6,4.0,0.0,1.5,7.9,1.7,1.5,.6,1.1,28.9,6.2,.654,2.2,.706
103,Pascal Siakam,IND,PF,2.15,22.5,8.5,1.4,4.0,6.7,4.1,.5,.9,2.0,36.6,17.6,.484,5.8,.694
104,Julian Champagnie,SA,"SF,PF",3.19,10.9,3.5,2.6,1.3,4.8,1.7,.5,.9,.8,23.6,8.0,.436,1.6,.848
105,Duncan Robinson,DET,"SF,SG",3.19,13.0,4.2,3.6,1.1,2.6,2.5,.2,.5,1.1,24.3,9.1,.456,1.4,.759
106,Zion Williamson,NO,"PF,C",2.47,21.7,8.1,0.0,5.6,5.8,4.2,.8,1.2,1.9,28.3,13.4,.600,7.8,.717
107,John Collins,DET,"PF,C",3.01,15.2,5.8,1.6,1.9,6.1,1.2,.7,.8,2.0,33.5,10.6,.553,2.5,.767
108,Ayo Dosunmu,MIN,"SG,PG",3.23,12.0,4.6,1.4,1.5,2.9,4.2,.3,.8,1.3,26.4,8.8,.517,1.7,.879
109,Kyshawn George,WSH,"SG,SF",2.94,12.2,4.1,2.3,1.7,4.6,3.4,1.0,.9,1.9,23.4,9.3,.439,2.1,.804
110,De'Andre Hunter,SAC,"SF,PF",2.95,18.4,6.1,2.4,3.7,4.6,1.9,.2,.9,2.0,36.5,14.8,.416,4.2,.868
111,Caleb Wilson,CHI,SF,2.83,14.1,5.4,.8,2.4,7.5,2.0,.8,1.2,1.8,31.5,11.5,.471,3.0,.786
112,Kristaps Porzingis,GS,"C,PF",2.80,17.8,5.5,2.5,4.3,5.6,2.3,1.1,.7,1.4,22.1,12.4,.447,5.0,.844
113,Wendell Carter,ORL,C,2.90,10.6,3.8,.6,2.3,7.4,2.0,.6,.9,1.4,32.7,7.4,.512,2.9,.793
114,Jaime Jaquez,MIL,"SF,SG",2.75,14.6,5.8,.8,2.1,5.3,4.9,.3,.8,2.5,25.5,11.5,.507,2.7,.772
115,Collin Gillespie,PHX,PG,3.51,11.2,3.9,2.6,.8,3.8,3.9,.2,1.1,1.6,22.3,9.3,.419,.9,.880
116,Kyrie Irving,DAL,PG,2.92,20.5,7.3,2.6,3.2,3.8,5.3,.4,1.0,1.9,37.6,15.5,.471,4.1,.785
117,Malik Monk,SAC,"SG,PG",2.93,14.2,5.1,2.3,1.7,2.6,4.7,.6,.9,2.2,22.0,11.7,.439,2.0,.883
118,Tobias Harris,SA,"PF,SF",2.62,11.7,4.3,1.2,1.9,4.6,2.2,.5,.8,.9,24.4,9.1,.470,2.2,.869
119,Joan Beringer,MIN,C,2.95,10.2,3.8,1.1,1.5,5.1,.7,1.4,.4,.6,18.1,5.8,.664,2.2,.707
120,Max Strus,LAC,SF,2.82,12.1,3.7,3.0,1.6,4.9,3.0,.2,.6,1.2,30.4,7.9,.472,2.1,.786
121,Devin Vassell,SA,"SG,SF",2.61,14.7,5.2,2.7,1.7,3.8,2.9,.4,1.0,1.3,26.1,11.9,.435,2.0,.821
122,Christian Braun,DEN,"SG,SF",2.60,12.9,5.1,.8,2.0,4.7,3.0,.4,1.0,.8,33.8,9.7,.520,2.5,.783
123,RJ Barrett,TOR,"SF,SG",2.56,19.8,7.1,2.0,3.6,5.6,5.0,.3,.8,2.5,25.6,14.5,.492,5.0,.717
124,Paul George,BOS,"PF,SF",2.32,16.4,5.8,2.5,2.3,5.3,3.6,.4,1.5,2.4,34.8,13.1,.439,2.8,.820
125,Ajay Mitchell,OKC,"SG,PG",2.83,13.9,5.2,1.0,2.5,3.5,4.1,.3,1.1,1.7,31.2,10.7,.485,2.9,.871
126,Zach Edey,MEM,C,2.38,11.7,4.7,.3,2.0,10.0,1.2,1.6,.7,1.5,25.7,10.0,.471,2.6,.787
127,Stephon Castle,SA,"PG,SG",2.35,16.4,5.6,1.1,4.1,4.6,5.6,.3,1.3,3.3,35.2,12.0,.468,5.6,.736
128,Brice Sensabaugh,UTAH,"SF,SG",2.49,13.7,4.6,2.6,1.9,2.9,1.9,.1,.8,1.3,25.2,10.0,.460,2.3,.827
129,Day'Ron Sharpe,BKN,C,2.59,11.9,4.7,.2,2.3,8.8,2.4,.8,1.6,1.9,32.2,7.8,.602,3.3,.680
130,Jrue Holiday,POR,"PG,SG",2.70,12.5,4.7,1.8,1.3,4.0,3.8,.3,.9,1.6,27.1,10.4,.452,1.5,.845
131,Gui Santos,GS,SF,2.46,11.4,4.2,1.4,1.6,5.8,3.7,.5,1.3,1.9,26.4,8.3,.500,2.2,.729
132,Fred VanVleet,HOU,"PG,SG",2.68,12.6,4.4,2.0,1.9,3.2,5.5,.4,1.5,1.5,30.7,9.3,.471,2.5,.783
133,Obi Toppin,IND,PF,2.35,11.5,4.2,1.3,1.8,4.3,2.1,.4,.6,1.0,22.5,8.4,.503,1.9,.916
134,Khaman Maluach,PHX,C,2.47,9.6,3.9,.4,1.5,8.6,.8,2.1,.5,1.8,25.4,7.2,.534,2.1,.711
135,Bennedict Mathurin,NO,"SF,SG",2.32,13.7,4.2,1.0,4.2,4.3,1.9,.2,.6,1.5,27.5,9.8,.430,4.9,.870
136,Ty Jerome,MEM,"SG,PG",2.44,16.1,5.7,2.2,2.5,2.9,5.2,.2,1.4,1.8,22.5,12.1,.472,3.2,.787
137,Max Christie,DAL,SG,2.37,11.6,3.9,2.2,1.5,3.3,1.8,.4,.6,1.1,26.6,8.8,.442,1.7,.906
138,Scoot Henderson,POR,"PG,SG",2.53,13.4,4.4,2.0,2.6,2.8,4.4,.2,1.1,2.4,25.6,10.5,.418,3.1,.840
139,Tre Jones,CHI,PG,2.82,12.1,4.5,.6,2.5,3.0,5.8,.2,1.0,1.4,20.8,8.2,.553,3.0,.846
140,Keldon Johnson,SA,"SF,PF",2.16,12.2,4.6,1.3,1.7,4.6,1.3,.2,.6,.9,26.0,8.9,.519,2.1,.796
141,Jakob Poeltl,TOR,C,2.18,11.9,5.2,0.0,1.4,7.7,2.5,1.0,.9,1.3,29.6,7.5,.701,2.3,.605
142,Bobby Portis,MIA,"PF,C",2.02,13.7,5.7,1.6,.7,7.0,1.7,.3,.7,1.1,23.6,11.6,.488,1.0,.707
143,Naji Marshall,DAL,"SF,PF",2.02,13.8,5.1,.9,2.8,4.5,3.3,.1,.9,1.8,24.2,9.9,.511,3.6,.761
144,Tim Hardaway,MIA,"SG,SF",2.04,13.1,4.3,2.6,1.9,2.5,1.7,.1,.5,.7,32.4,9.6,.448,2.4,.813
145,Damian Lillard,POR,PG,2.25,19.7,6.8,3.1,3.0,3.3,6.0,.1,.8,1.9,29.0,14.4,.472,3.8,.784
146,Collin Sexton,LAL,"SG,PG",2.26,13.6,4.8,1.2,2.9,2.1,3.7,.1,.8,2.4,21.7,9.8,.486,3.4,.855
147,Kevin Porter Jr.,MIL,"SG,PG",2.13,12.5,4.5,1.0,2.6,4.1,5.2,.3,1.2,2.4,27.6,9.6,.466,2.9,.883
148,Aaron Nesmith,IND,"SF,SG",1.88,14.6,4.9,2.8,2.1,4.4,1.9,.5,.9,1.4,33.6,11.8,.414,2.5,.831
149,Sam Merrill,CLE,SG,2.00,10.9,3.4,3.1,.9,2.6,2.1,.2,.8,.6,23.6,7.4,.461,1.1,.859
150,Andrew Nembhard,IND,"SG,PG",2.07,13.2,4.6,1.4,2.7,3.0,7.0,.1,1.0,2.2,34.4,10.3,.443,3.2,.827
151,Ace Bailey,UTAH,"SF,PF",1.77,14.2,5.5,2.2,.9,4.1,1.7,.7,.9,1.5,32.8,12.5,.443,1.2,.753
152,Collin Murray-Boyles,TOR,PF,1.84,10.9,4.4,.4,1.6,6.0,2.0,1.0,1.3,1.3,30.0,7.7,.579,2.4,.659
153,Daniss Jenkins,DET,PG,2.34,12.2,4.2,1.3,2.4,2.8,5.9,.2,1.1,2.3,30.2,10.3,.409,2.9,.835
154,Dennis Schroder,CHA,PG,2.31,11.0,3.6,1.4,2.4,2.4,5.6,.1,.9,1.4,23.8,8.9,.406,2.9,.836
155,Ausar Thompson,DET,"SF,PF",1.61,11.5,4.8,.1,1.7,6.2,2.8,1.0,2.5,1.7,30.5,9.1,.526,3.0,.571
156,Isaiah Hartenstein,OKC,C,1.72,10.1,4.3,0.0,1.5,9.9,3.5,1.1,.8,1.8,24.4,6.9,.622,2.4,.610
157,Egor Demin,BKN,"PG,SG",1.72,12.7,4.4,2.6,1.3,3.6,3.4,.3,1.1,1.7,24.4,11.0,.399,1.6,.835
158,Darryn Peterson,UTAH,"SG,PG",1.62,15.2,5.4,1.9,2.4,2.9,3.2,.4,1.2,1.7,32.1,11.6,.471,3.0,.783
159,Darius Acuff Jr.,SAC,PG,1.89,13.9,5.1,1.5,2.2,1.8,4.1,.2,.5,1.1,29.9,10.8,.471,2.8,.784
160,Luke Kennard,PHX,SG,1.51,8.1,2.9,1.6,.8,2.3,2.2,.1,.7,.7,18.1,5.4,.533,.8,.921
161,Isaiah Stewart,MEM,"C,PF",1.44,8.4,3.2,.5,1.4,5.4,1.4,1.6,.4,1.3,25.7,5.9,.550,1.9,.760
162,Jimmy Butler,GS,"SF,SG",1.35,15.2,4.9,.5,5.0,4.6,5.2,.2,1.2,1.4,31.1,9.3,.521,5.8,.865
163,Aaron Gordon,DEN,PF,1.33,15.2,5.1,1.8,3.2,5.1,2.8,.3,.6,1.2,27.3,10.2,.498,4.2,.769
164,Anfernee Simons,PHI,"SG,PG",1.49,14.1,5.2,2.5,1.2,2.1,3.1,.1,.7,1.4,25.8,11.8,.440,1.4,.900
165,Maxime Raynaud,SAC,C,1.42,10.9,4.6,.3,1.6,6.5,1.1,.4,.4,1.1,20.6,8.0,.571,2.0,.790
166,Jared McCain,OKC,"SG,PG",1.47,14.0,5.1,2.5,1.3,3.0,2.2,.1,.9,1.4,26.9,12.0,.425,1.5,.871
167,Nikola Vucevic,ORL,C,1.25,10.9,4.4,1.2,.9,6.1,2.5,.5,.4,.8,23.6,8.9,.494,1.0,.828
168,Ja'Kobe Walter,TOR,SG,1.32,9.0,3.0,1.9,1.2,3.0,1.6,.3,1.3,.8,22.3,6.7,.446,1.5,.795
169,Luke Kornet,SA,C,1.27,6.4,2.6,0.0,1.3,5.5,1.5,.8,.5,.5,18.4,4.0,.646,1.6,.826
170,Jay Huff,IND,C,1.26,8.2,3.1,1.1,.9,3.1,1.0,1.4,.4,.6,17.3,6.5,.477,1.1,.833
171,Nicolas Claxton,CHI,C,1.18,11.1,4.6,.1,1.9,7.0,3.3,1.3,.9,1.6,30.7,8.0,.572,3.1,.616
172,Kris Dunn,LAC,"PG,SG",1.30,6.7,2.5,.9,.7,3.0,3.3,.3,1.7,1.0,28.3,5.3,.477,.9,.769
173,Draymond Green,GS,"PF,C",1.07,8.3,3.1,1.1,.9,5.5,6.2,.7,1.1,3.2,31.5,7.5,.418,1.3,.705
174,Dillon Brooks,PHX,"SF,SG",1.07,17.6,6.5,1.9,2.7,3.5,1.9,.2,.8,1.5,30.2,15.0,.435,3.1,.846
175,Grayson Allen,CHA,"SG,PG",1.20,12.2,3.9,2.2,2.1,2.7,2.5,.3,1.1,1.3,21.1,9.8,.404,2.5,.858
176,Paul Reed,DET,"C,PF",.99,9.0,3.8,.2,1.3,5.3,1.4,1.1,1.3,1.3,21.1,6.1,.617,2.0,.664
177,Ryan Kalkbrenner,CHA,C,1.08,6.5,2.7,0.0,1.0,4.6,.7,1.6,.4,.7,19.7,3.6,.753,1.4,.720
178,Jaylin Williams,OKC,"PF,C",.97,8.0,2.6,1.5,1.3,5.8,2.6,.8,.5,1.1,18.8,6.2,.424,1.6,.798
179,Davion Mitchell,MIA,PG,1.42,9.6,3.7,1.5,.6,2.5,5.8,.2,.9,1.8,35.0,7.6,.490,.9,.638
180,Yaxel Lendeborg,GS,"SF,PF",.89,8.6,3.1,1.1,1.4,4.8,1.5,.8,.8,.7,20.0,6.6,.472,1.7,.786
181,Herb Jones,NO,"SF,PF",.85,8.9,3.3,1.4,.9,3.3,3.5,.5,1.7,1.5,24.4,8.6,.383,1.1,.810
182,Jonathan Kuminga,MIN,"PF,SF",.80,15.3,5.4,1.3,3.1,5.7,2.7,.4,.8,1.7,32.0,11.7,.463,4.2,.726
183,Derrick Jones,LAC,"SF,PF",.78,10.0,3.7,1.2,1.4,3.5,1.2,.5,1.2,.8,26.4,7.4,.499,1.8,.769
184,Robert Williams,POR,C,.88,6.2,2.8,.1,.5,6.4,1.1,1.4,.6,1.0,19.1,3.9,.709,.9,.603
185,Deandre Ayton,WSH,C,.87,9.1,4.1,0.0,.9,5.8,.7,.8,.5,1.1,18.6,6.1,.672,1.4,.648
186,Jeremiah Fears,NO,"PG,SG",.95,12.7,4.7,1.1,2.1,3.2,3.4,.4,1.0,1.7,28.3,10.9,.435,2.7,.792
187,Jalen Green,PHX,"SG,SF",.72,20.2,7.6,2.8,2.3,4.1,3.0,.3,1.0,2.6,33.6,18.0,.422,3.0,.749
188,Moussa Diabate,CHA,"C,PF",.71,8.1,3.2,0.0,1.6,8.6,1.6,.9,.7,1.2,28.3,5.1,.632,2.5,.663
189,Peyton Watson,CLE,"SF,PF",.65,12.3,4.6,1.0,2.2,4.3,2.0,1.2,.8,1.6,26.6,9.3,.491,3.0,.731
190,Rui Hachimura,LAC,"PF,SF",.63,12.1,4.8,1.7,.8,4.0,.9,.4,.7,.9,35.8,9.4,.514,1.1,.700
191,Royce O'Neale,CHA,"SF,PF",.57,8.4,3.0,2.1,.3,4.1,2.1,.4,.8,1.1,21.9,7.0,.422,.4,.719
192,Tristan Da Silva,ORL,"SF,PF",.50,8.4,3.0,1.5,.9,3.2,1.6,.3,.7,.7,21.9,6.7,.450,1.0,.895
193,Mikel Brown Jr.,BKN,PG,.93,13.3,4.7,1.9,2.0,2.3,3.4,0.0,.8,1.9,32.0,9.9,.471,2.6,.783
194,Jaylen Wells,MEM,"SG,SF",.50,12.3,4.3,1.9,1.9,3.5,1.7,.1,.8,.9,30.2,9.9,.431,2.4,.786
195,Kelly Oubre,IND,"SF,SG",.43,12.2,4.5,1.2,2.0,4.7,1.4,.4,1.4,1.3,23.0,9.7,.467,2.6,.768
196,Brook Lopez,LAC,C,.50,7.6,2.8,1.2,.7,3.1,1.2,1.4,.5,.6,22.9,6.6,.428,.9,.765
197,Sam Hauser,BOS,"PF,SF",.39,8.7,3.2,2.2,.2,3.4,1.1,.2,.5,.4,23.0,7.5,.420,.2,.889
198,Miles McBride,NY,"PG,SG",.58,10.3,3.6,2.3,.8,2.3,2.5,.3,.9,.6,22.0,8.5,.424,1.0,.791
199,Will Richard,GS,"SG,SF",.39,7.3,2.6,1.3,.7,2.7,1.4,.2,1.4,.8,26.2,5.6,.470,.9,.864
200,Jaylon Tyson,CLE,"SG,SF",.36,9.6,3.7,1.4,.9,3.9,2.0,.3,.5,1.1,25.5,7.4,.493,1.2,.741
201,De'Anthony Melton,GS,"PG,SG",.51,11.8,4.2,1.4,2.0,3.1,2.5,.3,1.3,1.8,23.0,10.4,.407,2.4,.831
202,Anthony Black,ORL,"PG,SG",.51,12.9,4.8,1.0,2.3,3.7,3.6,.8,1.4,2.3,33.3,10.7,.446,3.2,.733
203,PJ Washington,DAL,"PF,SF",.27,13.2,5.0,1.2,2.1,6.9,2.2,.9,1.2,2.2,34.8,11.0,.450,3.0,.690
204,Rudy Gobert,MIN,C,.31,10.8,4.4,0.0,2.1,10.7,1.8,1.4,.8,1.3,30.5,6.4,.683,3.9,.527
205,Keaton Wagler,LAC,"SG,PG",.40,10.3,3.7,1.3,1.6,2.8,2.6,.2,.5,1.1,29.3,7.8,.471,2.0,.785
206,Matisse Thybulle,LAL,SF,.23,5.3,1.8,1.0,.7,2.1,1.2,.4,2.0,.8,12.8,4.2,.434,.8,.842
207,Santi Aldama,DAL,"PF,SF",.14,13.1,4.8,1.8,1.6,4.7,2.7,.6,.8,1.1,26.4,10.1,.479,2.4,.669
208,AJ Dybantsa,WSH,SF,.08,14.3,5.6,.7,2.4,3.9,2.4,.1,.8,1.8,29.2,11.9,.471,3.1,.786
209,Aaron Wiggins,ATL,"SG,SF",.06,10.9,4.1,1.7,.9,3.5,1.7,.3,.8,.9,18.9,9.6,.431,1.3,.740
210,Allen Graves,TOR,SF,.08,8.4,3.1,.9,1.4,4.4,1.4,.5,1.1,.6,18.2,6.6,.472,1.7,.786
211,Jamal Shead,TOR,PG,.42,8.0,2.7,1.4,1.3,1.9,5.8,.2,.9,1.6,22.7,7.2,.367,1.7,.786
212,Tari Eason,HOU,"PF,SF",-0.01,10.0,4.0,1.2,.9,5.8,1.4,.6,1.6,1.4,24.5,9.7,.416,1.1,.779
213,Gary Payton,GS,SG,.05,7.4,3.3,.5,.3,3.4,1.8,.3,.8,.7,19.3,5.6,.584,.5,.650
214,Goga Bitadze,ORL,C,.08,5.3,2.1,0.0,1.0,4.8,1.6,1.0,.5,.7,14.0,3.2,.679,1.4,.711
215,Pelle Larsson,MIA,"SG,SF",-0.01,9.3,3.2,.8,2.1,3.0,2.6,.2,.7,1.3,22.6,6.4,.496,2.6,.800
216,Jarace Walker,IND,"PF,SF",-0.04,9.8,3.3,1.8,1.5,4.3,2.6,.3,.7,1.5,21.0,7.8,.420,1.9,.750
217,Mitchell Robinson,BOS,C,-0.01,6.3,2.8,0.0,.8,9.5,1.0,1.6,1.2,.8,27.2,3.9,.715,1.8,.410
218,Dru Smith,MIA,PG,.32,5.9,2.0,.6,1.3,2.6,2.8,.3,1.7,1.0,18.3,4.9,.416,1.6,.832
219,Danny Wolf,BKN,"PF,C",-0.18,9.2,3.2,1.3,1.5,5.2,2.7,.7,.5,1.3,20.1,8.0,.405,2.0,.773
220,Ron Holland,DET,"SF,PF",-0.22,8.8,3.2,.8,1.6,3.9,1.2,.3,1.2,1.2,18.1,7.4,.432,2.0,.808
221,Brayden Burries,MIL,SG,-0.16,9.7,3.5,1.1,1.6,2.6,1.4,.1,1.0,.8,24.3,7.5,.471,2.0,.783
222,Harrison Barnes,SA,"PF,SF",-0.27,8.1,2.8,1.3,1.1,2.4,1.2,.1,.4,.5,21.5,6.2,.457,1.3,.840
223,Kevin Huerter,DET,"SG,SF",-0.26,8.0,3.1,1.2,.6,2.6,2.1,.4,.8,.9,16.1,6.8,.452,.8,.778
224,Kyle Filipowski,UTAH,"C,PF",-0.31,7.7,2.9,.6,1.4,4.7,2.1,.3,.5,1.1,16.4,5.8,.492,1.9,.752
225,Jalen Smith,CHI,"C,PF",-0.32,8.6,3.2,1.0,1.1,5.6,1.1,.9,.4,.7,18.3,6.7,.484,1.5,.747
226,Tre Johnson,WSH,SG,-0.27,11.4,4.1,2.0,1.2,2.5,2.2,.3,.5,1.3,19.0,9.8,.419,1.3,.869
227,Jordan Goodwin,PHX,"PG,SG",-0.18,7.4,2.9,1.1,.5,4.3,2.0,.2,1.4,1.1,23.4,7.1,.413,.7,.700
228,Scotty Pippen,MEM,"PG,SG",-0.19,9.0,3.3,1.0,1.4,2.9,4.8,.4,1.1,1.9,24.1,7.0,.471,1.8,.787
229,AJ Green,MIL,SG,-0.34,7.2,2.4,1.9,.5,2.1,1.3,.1,.5,.6,25.9,5.7,.425,.6,.861
230,Luka Garza,BOS,C,-0.31,7.5,2.7,.9,1.2,3.5,.7,.3,.3,.8,13.8,4.7,.577,1.5,.775
231,Khris Middleton,WSH,"SF,PF",-0.40,7.7,2.7,.9,1.4,2.5,2.4,.1,.5,1.0,16.4,6.4,.421,1.6,.875
232,T.J. McConnell,IND,PG,-0.12,8.1,3.8,.2,.4,2.0,5.0,.2,.9,1.1,17.1,7.0,.539,.4,.885
233,Kyle Kuzma,MIL,"PF,SF",-0.45,10.9,4.1,1.1,1.6,3.8,2.2,.3,.5,1.7,21.1,8.2,.492,2.2,.729
234,Jake LaRavia,LAL,"PF,SF",-0.45,6.5,2.3,.9,1.1,3.3,1.6,.4,1.1,1.0,22.3,4.9,.460,1.4,.769
235,Daniel Gafford,DAL,C,-0.52,9.3,3.7,0.0,2.0,6.0,1.0,1.0,.6,1.0,25.4,5.6,.656,2.9,.684
236,Yanic Konan Niederhauser,LAC,C,-0.43,8.9,3.3,0.0,2.4,5.7,.5,1.5,.2,1.4,22.5,5.1,.641,3.1,.763
237,Walter Clayton,MEM,"PG,SG",-0.38,7.3,2.3,1.2,1.4,1.7,3.7,.3,.5,1.8,17.8,6.1,.385,1.6,.905
238,Quinten Post,MEM,"C,PF",-0.54,7.9,2.9,1.6,.5,3.6,1.3,.6,.4,.8,16.5,6.6,.440,.6,.796
239,Isaac Okoro,CHI,"SG,SF",-0.54,9.0,3.1,1.4,1.3,2.7,1.5,.5,.7,.8,22.9,6.8,.461,1.7,.797
240,Jerami Grant,MEM,PF,-0.53,13.7,4.3,1.7,3.4,2.9,1.5,.6,.6,1.8,21.7,9.5,.454,4.2,.815
241,Bub Carrington,WSH,"PG,SG",-0.43,7.1,2.5,1.4,.6,2.5,3.7,.2,.5,1.2,21.7,5.9,.424,.9,.734
242,Simone Fontecchio,MIA,SF,-0.53,7.5,2.5,1.5,1.1,3.0,1.3,.1,.6,.9,16.4,6.0,.413,1.3,.851
243,Kobe Sanders,LAC,SG,-0.56,7.5,2.8,1.1,.9,2.2,1.8,.2,.9,1.2,25.2,6.0,.467,1.1,.831
244,Bones Hyland,MIN,PG,-0.28,9.8,3.5,1.7,1.1,2.0,2.7,.3,.8,1.4,18.8,7.8,.454,1.3,.785
245,Justin Champagnie,WSH,"SF,PF",-0.64,6.4,2.4,.7,.8,3.9,1.0,.5,.7,.6,16.1,4.9,.503,1.1,.788
246,Luguentz Dort,ATL,"SF,SG",-0.64,8.5,2.8,2.2,.6,3.3,1.1,.4,.7,.7,21.4,7.3,.386,.8,.763
247,Noah Clowney,BKN,PF,-0.71,10.2,3.1,1.7,2.2,3.6,1.3,.5,.6,1.1,26.9,7.9,.397,2.8,.807
248,Keon Ellis,BKN,"SG,SF",-0.74,6.3,2.2,1.2,.7,1.8,1.2,.7,1.0,.6,19.5,5.1,.441,.9,.732
249,Alex Caruso,OKC,"SG,PG",-0.73,6.7,2.5,.9,.8,2.8,2.5,.5,1.5,.9,16.9,5.9,.424,1.0,.807
250,Kyle Anderson,TOR,"SF,PF",-0.76,6.2,2.4,.3,1.1,3.5,2.3,.7,1.0,.7,16.3,4.5,.531,1.5,.709
251,Bradley Beal,LAC,"SG,SF",-0.79,13.4,4.8,1.8,2.1,2.6,3.4,.4,.9,1.8,28.8,10.1,.472,2.7,.784
252,Jusuf Nurkic,UTAH,C,-0.79,11.4,4.5,.9,1.6,9.8,3.7,.7,1.0,2.3,27.3,9.0,.504,2.8,.550
253,Marcus Smart,HOU,"PG,SG",-0.74,8.9,3.0,1.3,1.7,2.5,3.2,.4,1.4,1.8,21.7,7.5,.395,2.0,.824
254,Dereck Lively,DAL,C,-0.80,6.0,2.5,0.0,1.1,6.0,2.0,1.4,.5,1.1,16.7,5.3,.472,1.4,.784
255,Kasparas Jakucionis,MIL,PG,-0.55,6.2,1.9,1.3,1.1,2.6,2.7,.1,.8,1.1,21.1,4.5,.430,1.2,.888
256,Bilal Coulibaly,WSH,"SF,SG",-0.89,10.0,3.5,1.1,2.0,3.8,3.0,.8,1.1,1.6,20.4,8.1,.426,2.6,.750
257,Jordan Clarkson,NY,"SG,SF",-0.89,9.1,3.5,.9,1.1,1.7,2.0,.1,.5,1.1,18.9,7.8,.450,1.3,.833
258,Baylor Scheierman,BOS,SG,-0.87,4.6,1.5,1.2,.3,2.7,1.1,.1,.6,.5,16.1,3.4,.454,.3,.917
259,Adem Bona,PHI,C,-0.85,5.8,2.2,0.0,1.3,4.7,.6,1.3,.5,1.2,18.9,3.7,.596,1.9,.712
260,Moses Moody,GS,"SG,SF",-0.97,9.9,3.4,2.0,1.2,2.5,1.4,.4,1.0,.8,20.1,7.6,.440,1.5,.775
261,Ziaire Williams,LAL,"SF,SG",-0.97,7.6,2.4,1.2,1.6,2.7,1.0,.4,.7,.8,18.3,5.7,.425,1.8,.854
262,Dylan Cardwell,SAC,C,-0.91,4.1,1.8,0.0,.4,5.7,1.3,1.2,.5,.8,17.1,3.1,.585,.8,.516
263,Oso Ighodaro,PHX,PF,-0.98,6.8,3.1,0.0,.7,5.3,3.3,.6,.9,1.2,20.4,4.7,.654,1.5,.455
264,Kentavious Caldwell-Pope,PHI,"SG,SF",-1.06,6.6,2.2,1.1,1.1,1.7,1.9,.2,.7,.6,19.5,5.4,.410,1.2,.923
265,Leonard Miller,CHI,SF,-1.00,8.3,3.3,.7,.9,4.0,1.0,.4,.5,1.0,13.5,6.0,.554,1.2,.737
266,Jordan Poole,NO,"SG,PG",-1.29,11.0,3.5,2.0,2.1,1.6,2.2,.3,.7,1.8,20.0,9.3,.372,2.4,.862
267,Zaccharie Risacher,DAL,SF,-1.04,10.7,4.1,1.4,1.0,3.6,1.4,.5,.8,1.2,22.9,9.1,.456,1.5,.646
268,Mouhamed Gueye,ATL,PF,-1.13,4.8,1.8,.7,.6,3.5,1.0,.8,.9,.4,16.8,4.0,.452,.8,.652
269,Al Horford,GS,"C,PF",-1.19,6.9,2.5,1.5,.4,4.1,2.0,.6,.5,.6,20.5,5.8,.425,.4,.870
270,Yves Missi,NO,C,-1.13,7.0,3.0,0.0,1.1,6.4,1.3,1.4,.4,1.1,24.6,5.4,.545,1.9,.562
271,Nique Clifford,SAC,"SG,SF",-1.21,8.9,3.5,1.0,1.0,3.6,2.6,.3,.9,1.8,27.5,8.3,.418,1.3,.727
272,Dominick Barlow,PHI,"C,PF",-1.23,6.1,2.4,.3,1.0,3.6,1.0,.6,.7,.5,21.3,4.4,.538,1.4,.720
273,Daeqwon Plowden,SAC,SG,-1.19,6.9,2.4,1.3,.8,1.8,.9,.1,.4,.4,17.5,5.5,.430,1.0,.857
274,Will Riley,WSH,SF,-1.17,7.9,2.8,.8,1.5,2.1,1.6,.1,.7,.9,14.6,6.4,.439,1.9,.800
275,Terrence Shannon Jr.,MIN,SG,-1.22,7.5,2.4,1.0,1.7,1.9,1.2,.1,.5,.7,20.2,5.3,.451,2.2,.804
276,Javonte Green,DET,SF,-1.19,4.8,1.5,.8,.9,2.4,.7,.3,.8,.4,13.3,3.4,.448,1.0,.850
277,Julian Strawther,DEN,SF,-1.19,7.5,2.6,1.2,1.0,1.9,1.1,.2,.5,.8,14.2,5.7,.467,1.2,.824
278,Moritz Wagner,BKN,C,-1.22,9.7,3.3,.7,2.4,4.2,1.1,.3,.6,1.2,16.2,7.9,.426,2.9,.820
279,Karlo Matkovic,NO,PF,-1.30,5.3,2.2,.4,.5,3.4,.8,.9,.3,.7,14.9,3.7,.605,.6,.737
280,Landry Shamet,NY,SG,-1.29,9.2,3.0,2.2,1.0,1.8,1.1,.1,.7,.6,25.1,6.9,.438,1.4,.717
281,Klay Thompson,MIA,"SF,SG",-1.49,9.8,3.6,2.1,.5,2.2,1.3,.3,.4,1.0,23.8,9.2,.393,.6,.775
282,Jordan Walsh,BOS,SF,-1.27,5.0,1.8,.8,.6,3.7,.8,.6,.6,.7,16.3,3.6,.510,.8,.774
283,Dean Wade,PHI,PF,-1.34,5.2,1.8,1.3,.4,3.8,1.2,.3,.6,.3,21.5,4.0,.440,.5,.714
284,Charles Bassey,GS,C,-1.35,5.6,2.3,0.0,1.0,5.6,.7,1.3,.4,.7,12.6,4.9,.473,1.3,.789
285,Marvin Bagley,DEN,"PF,C",-1.54,8.0,3.2,.3,1.2,4.7,.9,.5,.4,.7,15.2,5.2,.618,1.8,.664
286,Thomas Bryant,CLE,C,-1.48,6.3,2.3,.8,.9,3.5,.6,.5,.4,.5,12.0,4.5,.507,1.1,.812
287,Precious Achiuwa,SAC,"C,PF",-1.55,7.9,3.4,.3,.8,5.4,1.1,.6,.8,.7,21.0,6.4,.530,1.5,.556
288,Grant Williams,CHA,PF,-1.61,5.8,1.9,.9,1.1,3.1,1.6,.4,.5,1.0,20.0,4.4,.427,1.3,.821
289,Jaxson Hayes,UTAH,C,-1.68,6.0,2.4,0.0,1.2,3.5,1.0,.8,.5,.5,14.6,3.1,.758,1.8,.655
290,Andre Drummond,NY,C,-1.70,6.5,2.7,.3,.9,8.3,1.1,.6,.8,1.1,16.2,5.6,.472,1.4,.635
291,Quenton Jackson,IND,"PG,SG",-1.66,5.6,1.9,.5,1.2,1.4,2.2,.1,.4,.7,11.3,4.1,.470,1.5,.825
292,Gradey Dick,LAC,"SG,SF",-1.79,5.9,2.1,.8,1.0,1.5,.8,.1,.5,.6,13.7,4.9,.421,1.1,.884
293,Terance Mann,BKN,"SG,SF",-1.86,6.4,2.4,.7,.9,2.5,2.2,.2,.5,.7,16.5,5.3,.458,1.1,.791
294,Mohamed Diawara,NY,PF,-1.87,5.5,2.0,1.1,.4,2.0,1.3,.1,.4,.6,16.6,4.7,.423,.5,.750
295,Jock Landale,ATL,C,-1.89,6.7,2.7,.5,.8,3.8,1.2,.3,.3,.5,13.4,5.2,.515,1.2,.642
296,Aday Mara,OKC,C,-2.11,4.3,1.7,0.0,.8,2.6,.9,1.3,.1,.9,10.7,3.7,.472,1.0,.787
297,Jose Alvarado,NY,PG,-1.72,5.8,2.1,1.2,.4,1.5,2.2,.1,.6,.8,11.6,5.0,.418,.5,.778
298,Jarred Vanderbilt,LAL,"PF,SF",-2.02,4.9,1.9,.4,.6,5.0,1.3,.3,1.1,1.1,19.9,4.1,.471,.9,.597
299,Trey Lyles,MIN,PF,-2.00,6.0,2.0,1.1,.9,3.6,1.0,.3,.6,.4,12.5,4.3,.471,1.1,.796
300,Ben Sheppard,IND,"SG,SF",-2.03,5.4,2.0,1.0,.4,2.5,1.3,.1,.6,.3,21.4,4.5,.435,.6,.778
301,Ryan Dunn,PHX,"SF,PF",-2.04,6.5,2.5,1.0,.4,3.8,1.3,.5,.7,.7,18.8,5.6,.454,.7,.491
302,Javon Small,MEM,PG,-1.83,7.1,2.3,1.2,1.2,2.2,3.0,.1,.7,.9,17.5,5.0,.467,1.4,.836
303,Kenrich Williams,OKC,SF,-2.02,7.1,2.7,1.1,.6,3.6,1.4,.1,.6,.7,15.3,5.7,.474,1.0,.644
304,Jevon Carter,ORL,PG,-1.86,6.2,2.2,1.5,.3,1.6,1.4,.2,.8,.7,15.4,5.6,.401,.3,.792
305,Cameron Carr,LAL,"SG,SF",-2.12,6.4,2.3,.7,1.0,1.9,.8,.4,.3,.8,15.2,4.9,.472,1.3,.785
306,Tyus Jones,DEN,PG,-1.91,5.7,2.1,1.3,.2,1.3,3.6,.1,.6,.7,17.6,6.1,.346,.2,.813
307,Nolan Traore,BKN,PG,-1.93,7.4,2.6,1.1,1.1,1.4,3.7,.3,.8,1.7,21.1,6.9,.381,1.4,.791
308,Micah Potter,POR,C,-2.14,3.2,1.1,.5,.6,2.1,.6,.2,.2,.5,8.7,2.0,.516,.7,.852
309,Sion James,CHA,SF,-2.14,3.9,1.2,.8,.7,2.4,1.3,.1,.5,.7,17.4,3.2,.371,.8,.839
310,Drake Powell,BKN,SG,-2.21,5.6,1.9,.8,.9,1.5,1.5,.2,.4,.9,17.7,4.8,.403,1.0,.899
311,Svi Mykhailiuk,UTAH,SG,-2.21,6.9,2.5,1.5,.4,1.9,1.7,.1,.3,.8,17.2,5.2,.480,.4,.938
312,Ryan Nembhard,ATL,"PG,SG",-2.18,4.8,2.0,.6,.3,1.5,3.4,0.0,.3,1.1,11.7,4.7,.417,.4,.833
313,Vit Krejci,POR,PG,-2.02,5.8,2.1,1.3,.4,1.8,1.7,.3,.5,.6,16.4,4.6,.449,.5,.750
314,Isaiah Collier,UTAH,PG,-2.08,6.7,2.5,.3,1.5,2.0,4.4,.2,.6,2.2,14.7,5.0,.495,2.0,.724
315,Christian Anderson,CHA,PG,-2.11,5.2,1.8,.9,.8,.9,1.7,0.0,.5,.9,15.2,3.7,.471,1.0,.794
316,Hugo Gonzalez,BOS,SF,-2.26,5.0,2.1,.6,.2,4.3,.7,.4,.6,.6,21.1,4.3,.477,.5,.500
317,Nae'Qwan Tomlin,CLE,PF,-2.32,5.4,2.2,.4,.7,2.7,.7,.5,.6,.4,17.3,4.5,.479,.9,.776
318,Patrick Williams,CHI,PF,-2.35,6.3,2.2,1.2,.7,2.5,1.7,.3,.7,.9,14.7,5.9,.373,.9,.725
319,Carter Bryant,SA,SF,-2.34,5.2,1.9,.9,.5,3.1,.8,.5,.3,.6,13.4,4.7,.409,.7,.722
320,Justin Edwards,PHI,SF,-2.35,5.2,1.9,1.0,.4,1.6,.8,.2,.6,.6,14.3,4.3,.447,.5,.853
321,Mark Williams,PHX,C,-2.42,9.6,3.9,0.0,1.9,6.3,1.4,.6,.7,1.0,20.2,6.0,.644,2.4,.781
322,Buddy Hield,ATL,"SG,SF",-2.50,6.5,2.2,1.5,.5,1.8,1.2,.2,.6,.7,11.6,5.1,.438,.5,.840
323,Corey Kispert,ATL,"SF,SG",-2.52,4.7,1.6,.8,.7,1.1,.6,.1,.2,.4,11.6,3.5,.469,.8,.803
324,Rob Dillingham,CHI,PG,-2.32,6.3,2.5,.7,.6,1.7,2.8,.1,.8,1.3,17.4,6.2,.396,.8,.750
325,Oscar Tshiebwe,HOU,C,-2.51,5.1,2.0,.5,.6,4.3,.7,.1,.5,.5,10.8,3.1,.635,1.0,.559
326,Spencer Jones,DEN,"SF,PF",-2.55,4.6,1.8,.7,.4,2.7,.9,.5,.7,.4,18.8,3.5,.504,.7,.614
327,Zach Collins,CHI,C,-2.56,6.3,2.4,.6,1.0,4.4,2.0,.4,.5,1.1,17.2,5.0,.473,1.3,.789
328,Taurean Waller-Prince,DET,SF,-2.54,3.9,1.5,.8,.1,1.6,.8,.1,.4,.5,13.8,3.3,.451,.1,1.000
329,Marcus Sasser,DAL,PG,-2.43,4.4,1.6,.9,.3,.8,1.9,.1,.5,.6,8.9,4.1,.391,.4,.839
330,Clint Capela,HOU,C,-2.61,4.4,1.9,0.0,.7,4.7,.7,.7,.5,.5,10.4,3.6,.521,1.2,.582
331,Noah Penda,ORL,PF,-2.67,4.0,1.5,.5,.6,3.3,1.3,.3,.5,.8,14.4,3.6,.405,.8,.694
332,Jeremy Sochan,POR,PF,-2.71,5.9,2.5,.3,.7,3.5,1.6,.3,.4,.7,13.8,4.9,.500,1.0,.739
333,Cam Whitmore,N/A,"SF,PF",-2.74,8.6,3.3,1.0,1.0,2.5,.7,.2,.6,.9,12.9,7.2,.456,1.3,.742
334,Tyrese Proctor,CLE,SG,-2.73,5.4,1.8,1.1,.8,1.3,1.3,0.0,.6,.9,13.1,4.3,.415,.8,.905
335,Craig Porter,CLE,"PG,SG",-2.71,4.0,1.6,.4,.3,2.5,2.6,.5,.6,.9,15.6,3.6,.450,.6,.600
336,Taylor Hendricks,MEM,PF,-2.74,5.9,2.2,.8,.7,2.9,.6,.4,.7,.6,14.7,4.8,.461,1.0,.690
337,Morez Johnson Jr.,DAL,"PF,C",-2.80,6.2,2.5,.2,1.1,3.9,.6,.5,.3,.6,15.2,5.2,.472,1.4,.786
338,Nate Ament,MIL,SF,-2.71,6.7,2.5,.7,1.1,2.6,.9,.2,.5,.9,14.9,5.3,.471,1.4,.791
339,Josh Green,UTAH,SG,-2.81,3.1,1.1,.6,.3,1.2,.8,.1,.5,.4,7.4,2.4,.459,.3,.913
340,Josh Minott,BKN,SF,-2.75,5.3,1.8,.9,.7,2.2,.6,.4,.6,.7,12.7,3.6,.500,.9,.791
341,Jamal Cain,ORL,SF,-2.77,4.4,1.5,.6,.8,1.6,.6,.1,.3,.5,9.5,3.0,.488,.9,.860
342,Isaiah Jackson,LAC,"C,PF",-2.89,5.8,2.4,0.0,1.1,4.4,.8,.7,.7,.9,12.4,3.7,.637,1.6,.650
343,Rasheer Fleming,PHX,PF,-2.84,6.6,2.4,1.3,.5,3.3,.4,.6,.7,.9,18.6,5.9,.403,.9,.561
344,Tristan Vukcevic,WSH,PF,-2.88,6.5,2.2,.8,1.3,2.3,.8,.4,.3,.7,10.5,4.6,.480,1.6,.794
345,Shaedon Sharpe,POR,"SG,SF",-3.22,16.3,6.1,1.7,2.4,3.7,2.6,.2,1.1,2.4,31.4,13.5,.453,3.0,.790
346,Jericho Sims,MIL,C,-2.93,2.7,1.2,0.0,.4,3.4,1.0,.2,.2,.8,14.8,1.5,.791,.6,.625
347,Jamison Battle,TOR,SF,-2.89,3.5,1.3,.8,.1,1.3,.4,.1,.1,.3,9.8,2.5,.513,.2,.692
348,Dailyn Swain,CHI,SF,-2.90,5.7,2.2,.3,1.0,2.6,1.5,.1,.6,1.2,15.4,4.6,.473,1.2,.790
349,Jase Richardson,ORL,SG,-3.00,5.6,2.1,.7,.8,1.5,1.3,.1,.5,.5,15.4,4.4,.475,1.1,.724
350,Gregory Jackson,MEM,PF,-3.01,8.2,3.1,.8,1.3,2.9,1.0,.4,.3,1.1,16.2,6.1,.498,1.8,.743
351,Labaron Philon Jr.,PHI,"PG,SG",-3.01,6.3,2.3,.7,1.0,1.0,1.3,.1,.3,.7,14.2,4.9,.471,1.3,.794
352,Jaylen Clark,MIN,SG,-3.05,4.3,1.5,.7,.7,1.7,.7,.1,.9,.3,13.8,3.4,.437,1.0,.662
353,Kingston Flemings,ATL,"PG,SG",-3.09,4.8,1.9,.3,.8,1.2,1.8,.1,.5,.7,14.4,3.9,.473,1.0,.793
354,Caris LeVert,MIL,"SG,SF",-3.15,5.2,1.9,.7,.7,1.4,1.6,.4,.5,.6,10.6,4.6,.417,1.0,.681
355,DaRon Holmes,DEN,PF,-3.14,4.5,1.5,1.0,.5,1.7,.7,.2,0.0,.7,10.0,2.9,.509,.6,.808
356,Bryce McGowens,NO,SG,-3.16,5.5,1.8,.6,1.2,1.4,1.0,.1,.4,.3,13.0,3.8,.482,1.5,.788
357,Ousmane Dieng,MIL,SF,-3.09,4.0,1.5,.7,.3,1.8,1.2,.2,.3,.7,12.6,3.6,.422,.4,.720
358,Mike Conley,BOS,PG,-3.17,3.8,1.1,.9,.7,1.2,2.5,.1,.6,.5,14.5,3.2,.336,.8,.900
359,Ben Saraf,BKN,SG,-3.32,4.6,1.7,.3,1.0,1.3,1.7,.1,.5,1.5,13.7,4.2,.397,1.2,.838
360,Dalton Knecht,LAL,"SF,SG",-3.34,4.6,1.7,.9,.3,1.4,.4,.1,.2,.3,10.1,3.7,.456,.4,.750
361,Bogdan Bogdanovic,HOU,"SG,SF",-3.35,5.7,1.9,1.2,.7,1.6,1.7,.1,.5,.8,12.0,5.0,.390,.8,.807
362,Zeke Nnaji,DEN,"PF,C",-3.40,3.8,1.4,.4,.7,2.1,.5,.5,.4,.3,11.6,3.0,.471,.9,.773
363,Steven Adams,HOU,C,-3.36,5.2,2.0,0.0,1.3,7.6,1.5,.6,.6,1.3,22.1,3.9,.505,2.3,.581
364,Pat Spencer,PHX,"PG,SG",-3.38,3.8,1.5,.4,.3,1.4,1.8,.1,.4,.8,10.4,3.6,.429,.4,.792
365,Cody Williams,MIN,SG,-3.43,3.9,1.6,.2,.6,1.5,.9,.2,.3,.5,11.6,3.3,.470,.8,.717
366,Hannes Steinbach,CHA,PF,-3.41,3.7,1.5,.1,.6,2.5,.4,.3,.2,.4,12.3,3.1,.473,.8,.791
367,Karim Lopez,MEM,SF,-3.35,4.2,1.6,.4,.7,2.1,.6,.4,.4,.4,10.9,3.3,.472,.9,.786
368,Nikola Jovic,MIA,PF,-3.48,7.6,2.4,1.3,1.5,2.9,1.7,.3,.6,1.4,20.0,6.7,.367,2.1,.686
369,Ron Harper,BOS,SG,-3.56,3.8,1.4,.9,.1,1.7,.8,.2,.2,.3,10.6,3.4,.418,.1,.750
370,Tidjane Salaun,CHA,PF,-3.54,3.6,1.3,.5,.4,2.8,.7,.1,.3,.6,11.6,2.6,.505,.6,.667
371,Gary Trent,MIL,"SG,SF",-3.58,5.6,2.0,1.1,.4,.9,.8,0.0,.4,.3,13.1,5.2,.387,.5,.792
372,Josh Okogie,UTAH,SF,-3.49,4.3,1.6,.6,.5,2.1,.9,.2,.7,.5,15.5,3.8,.427,.9,.594
373,Micah Peavy,MEM,SF,-3.50,4.3,1.7,.5,.4,1.9,.9,.2,.7,.4,15.7,4.5,.387,.5,.778
374,Sergio de Larrea,DAL,PG,-3.52,3.8,1.3,.5,.6,1.2,1.5,.1,.2,.8,9.2,2.8,.475,.7,.800
375,Tyler Kolek,NY,PG,-3.53,3.5,1.4,.6,.2,1.2,2.2,.1,.3,.9,9.6,3.1,.440,.2,.778
376,Olivier-Maxence Prosper,MEM,PF,-3.65,4.5,1.6,.5,.7,2.0,.6,.1,.4,.4,10.6,3.0,.554,1.0,.767
377,Jordan Hawkins,MEM,SG,-3.69,5.7,2.0,1.2,.5,1.6,.8,.2,.3,.7,12.6,5.5,.367,.6,.857
378,Sidy Cissoko,POR,SG,-3.78,3.6,1.3,.5,.6,1.6,1.1,.2,.6,.7,14.2,3.3,.398,.8,.661
379,Branden Carlson,POR,C,-3.80,3.2,1.2,.5,.2,1.4,.3,.5,.1,.1,7.4,2.3,.531,.3,.583
380,Emanuel Sharp,SAC,SG,-3.84,3.4,1.2,.6,.5,.6,.3,0.0,.3,.2,9.4,2.4,.474,.6,.800
381,Tre Mann,WSH,"PG,SG",-3.84,4.9,1.9,.7,.4,1.3,1.5,.1,.4,.7,8.4,5.2,.360,.4,.882
382,Meleek Thomas,CLE,SG,-3.89,3.8,1.4,.5,.6,.9,.7,0.0,.4,.3,10.9,2.9,.474,.7,.792
383,Larry Nance,IND,PF,-3.92,3.9,1.5,.7,.2,2.1,.9,.2,.4,.4,8.8,3.6,.422,.4,.467
384,Ariel Hukporti,PHI,C,-3.96,1.9,.7,0.0,.4,2.3,.5,.4,.1,.7,6.9,1.3,.569,.5,.800
385,Nikola Topic,OKC,PG,-3.87,3.9,1.4,.5,.6,1.3,3.9,0.0,.4,2.0,10.0,3.0,.477,.7,.813
386,Chris Cenac Jr.,BOS,"PF,C",-4.03,2.3,.9,.2,.4,1.9,.2,.1,.2,.2,7.4,1.8,.472,.5,.790
387,Johnny Furphy,IND,SG,-4.01,3.3,1.2,.5,.3,2.5,.6,.2,.4,.5,10.6,2.6,.471,.6,.500
388,Alex Karaban,SAC,"SF,PF",-4.03,2.2,.8,.3,.3,.9,.4,.1,.1,.1,7.2,1.7,.471,.4,.824
389,Jordan Miller,LAC,SF,-3.95,7.5,2.7,.5,1.7,2.3,1.7,.1,.6,.9,20.4,5.0,.533,2.2,.788
390,Jayden Quaintance,SA,"PF,C",-4.11,1.8,.7,.2,.3,1.7,.2,.3,.1,.5,8.3,1.4,.475,.4,.800
391,John Konchar,NY,SG,-4.12,1.7,.6,.2,.2,1.8,.7,.3,.5,.3,8.3,1.3,.476,.3,.750
392,Myron Gardner,MIA,SF,-4.02,2.4,.9,.3,.3,1.8,.5,.1,.3,.2,5.3,1.9,.483,.4,.750
393,Jae'Sean Tate,HOU,SF,-4.02,2.3,1.0,.2,.1,1.3,.5,.1,.2,.3,6.8,1.9,.520,.2,.714
394,Asa Newell,ATL,PF,-4.10,3.2,1.3,.4,.2,1.4,.3,.2,.2,.4,6.4,2.4,.543,.4,.583
395,Kevon Looney,LAL,C,-4.14,2.6,1.1,0.0,.3,3.9,1.1,.4,.4,.3,10.1,2.7,.421,.4,.750
396,Ryan Conwell,MIA,SG,-4.18,2.9,1.0,.4,.4,.7,.5,0.0,.2,.4,6.6,2.2,.477,.5,.813
397,Jaden Hardy,LAL,SG,-4.18,4.4,1.6,.7,.5,.7,.7,0.0,.2,.7,8.8,3.8,.427,.6,.750
398,Isaiah Evans,MIN,SG,-4.19,2.4,.8,.5,.4,.4,.2,.1,.1,.1,6.1,1.7,.474,.4,.800
399,Pacome Dadiet,NY,SF,-4.09,2.2,.7,.4,.4,1.2,.5,.1,.1,.2,7.8,2.2,.333,.5,.850
400,Moussa Cisse,DAL,C,-4.20,4.3,1.5,.4,.9,4.7,.2,1.2,.4,.6,14.4,2.6,.578,1.8,.469
401,Yang Hansen,POR,C,-4.23,3.2,1.0,.2,.9,2.2,.6,.3,.1,1.3,11.1,3.3,.310,1.1,.826
402,Dorian Finney-Smith,CHA,PF,-4.20,2.6,1.0,.5,.2,1.4,.4,.1,.3,.4,10.1,2.9,.333,.2,1.000
403,Koa Peat,PHX,PF,-4.22,2.1,.9,0.0,.4,1.0,.5,.1,.1,.2,5.7,1.8,.473,.5,.790
404,Rayan Rupert,PHI,SG,-4.27,2.6,1.0,.3,.3,1.3,.6,0.0,.3,.4,7.5,2.5,.395,.4,.833
405,Bruce Thornton,HOU,PG,-4.18,3.1,1.2,.3,.5,.8,.6,0.0,.2,.3,7.4,2.5,.474,.6,.790
406,Trevon Brazile,DEN,"PF,SF",-4.30,1.3,.5,.1,.2,.7,.2,.2,.1,.1,4.2,1.0,.477,.3,.818
407,Caleb Martin,DAL,SG,-4.33,2.8,1.1,.3,.4,1.6,.7,.2,.5,.5,12.0,2.3,.451,.7,.607
408,Devin Carter,BOS,PG,-4.26,3.3,1.1,.4,.6,1.3,1.0,.1,.3,.4,8.9,2.7,.418,.9,.720
409,Bronny James,LAL,"SG,PG",-4.37,1.8,.7,.4,.1,.4,.6,.1,.3,.3,5.2,1.7,.415,.1,1.000
410,Jabari Walker,PHI,PF,-4.32,2.9,1.1,.3,.5,2.1,.4,.1,.2,.3,9.5,2.3,.465,.7,.769
411,Baba Miller,LAC,PF,-4.35,2.2,.9,.1,.4,1.8,.7,.2,.1,.5,7.8,1.9,.472,.4,.875
412,Tarris Reed Jr.,SA,C,-4.40,1.7,.6,.2,.3,1.1,.3,.2,.1,.2,5.1,1.3,.483,.3,.857
413,Caleb Love,PHI,SG,-4.44,2.6,1.0,.6,.2,.6,.7,0.0,.2,.3,6.1,2.4,.396,.2,.750
414,Chaz Lanier,DET,SG,-4.45,1.5,.6,.3,.1,.4,.4,0.0,.2,0.0,4.8,1.8,.315,.1,1.000
415,Adou Thiero,LAL,SF,-4.35,3.1,1.1,.1,.9,1.9,.8,.1,.5,.6,8.4,2.0,.519,1.4,.644
416,Jamaree Bouyea,PHX,PG,-4.42,2.1,.9,.1,.2,.7,.9,.1,.3,.3,6.3,2.0,.465,.2,.800
417,Cam Christie,LAC,SG,-4.50,1.6,.5,.1,.4,.8,.4,0.0,.2,.2,4.6,1.4,.385,.5,.786
418,Zuby Ejiofor,ATL,PF,-4.49,1.6,.6,.2,.3,.8,.4,.2,.1,.2,4.6,1.3,.480,.3,.833
419,DeAndre Jordan,NO,C,-4.54,1.0,.4,0.0,.2,1.8,.3,.2,.1,.2,4.4,.8,.500,.2,1.000
420,Bennett Stirtz,OKC,PG,-4.47,1.9,.7,.2,.3,.2,.4,0.0,.1,.1,4.9,1.5,.484,.3,.857
421,Caleb Houstan,NO,SF,-4.46,1.2,.4,.3,.1,.4,.2,0.0,.1,0.0,4.2,.8,.563,.1,1.000
422,Joshua Jefferson,BKN,"PF,SF",-4.56,2.0,.8,.1,.4,1.0,.8,.1,.3,.3,5.0,1.5,.500,.4,1.000
423,Jordan McLaughlin,SA,PG,-4.52,1.2,.5,.2,0.0,.4,.5,0.0,.3,.1,4.3,1.1,.435,0.0,1.000
424,Andre Jackson,TOR,SG,-4.60,1.0,.4,.1,.2,.8,.3,.1,.2,.3,4.8,1.1,.329,.3,.650
425,Alijah Martin,TOR,SG,-4.61,1.4,.4,.1,.4,.6,.3,.1,.2,.2,5.0,1.3,.323,.5,.833
426,KJ Simpson,DEN,PG,-4.61,1.3,.5,.2,.1,.5,.7,0.0,.1,.3,4.1,1.5,.344,.2,.750
427,Trayce Jackson-Davis,TOR,PF,-4.66,4.0,1.6,0.0,.9,3.2,.9,.5,.3,.5,10.1,2.8,.573,1.7,.514
428,Noa Essengue,CHI,PF,-4.74,0.0,0.0,0.0,0.0,0.0,0.0,0.0,.7,0.0,5.2,0.0,0.000,0.0,0.000
429,Malevy Leons,GS,SF,-3.90,2.4,.9,.1,.4,1.5,.5,.2,.3,.4,7.9,2.1,.448,.5,.815
430,LJ Cryer,GS,PG,-4.16,3.9,1.2,1.0,.4,.7,.5,0.0,0.0,.4,7.6,3.0,.406,.5,.900
