XRank,Rank,Player,Pos,Team,Status,ADP,GP,FG%,FT%,3PM,PTS,REB,AST,STL,BLK,TO
1,3,V. Wembanyama,C,SAS,,1.6,68,.519,.823,1.91,25.74,11.38,3.38,1.01,3.38,2.76
2,1,N. Jokić,C,DEN,,2.1,71,.573,.820,1.68,27.82,13.04,10.10,1.52,0.75,3.39
3,6,L. Dončić,"PG,SG",LAL,,3.8,66,.471,.782,3.76,31.83,7.68,8.17,1.58,0.48,3.77
4,2,S. Gilgeous-Alexander,PG,OKC,,4.6,73,.537,.885,1.74,30.90,4.63,6.33,1.58,0.85,2.23
5,31,C. Cunningham,"PG,SG",DET,,6.7,69,.462,.830,2.06,24.86,6.06,9.51,1.23,0.75,4.01
6,4,T. Maxey,PG,PHI,,9.3,69,.467,.885,3.09,26.13,3.58,5.75,1.61,0.59,2.20
7,7,A. Edwards,"PG,SG",MIN,,9.9,76,.468,.817,3.49,28.18,5.62,3.50,1.28,0.70,3.04
8,17,J. Tatum,"SF,PF",BOS,GTD,10.5,68,.455,.820,3.24,25.12,9.19,5.34,1.04,0.46,2.60
9,51,G. Antetokounmpo,"PF,C",MIA,GTD,8.8,68,.610,.637,0.34,29.68,10.47,6.28,0.99,1.00,3.28
10,22,J. Johnson,"SF,PF",ATL,,12.8,65,.498,.790,1.63,22.28,9.78,7.69,1.32,0.63,3.12
11,8,D. Mitchell,"PG,SG",CLE,,15.2,67,.467,.853,3.27,26.63,4.87,5.55,1.49,0.30,2.60
12,11,T. Haliburton,"PG,SG",IND,GTD,18.1,68,.462,.854,2.74,17.51,3.40,8.93,1.26,0.63,1.74
13,5,C. Flagg,"SG,SF,PF",DAL,,10.1,75,.475,.840,1.39,24.99,7.69,5.19,1.35,1.01,2.55
14,26,S. Barnes,"SF,PF,C",TOR,,14.0,71,.481,.789,1.10,19.41,7.76,5.07,1.45,1.35,2.80
15,40,K. Durant,"SG,SF,PF",HOU,GTD,17.3,69,.523,.861,2.13,23.61,5.00,4.12,0.72,0.93,2.78
16,16,K. Towns,"PF,C",NYK,,15.0,73,.509,.849,1.73,20.79,11.41,3.51,0.86,0.59,2.55
17,10,J. Murray,PG,DEN,,20.2,68,.472,.883,3.00,24.38,4.18,6.66,1.03,0.46,2.18
18,62,J. Giddey,"PG,SG",CHI,GTD,25.1,69,.455,.772,1.77,16.28,8.09,8.97,1.13,0.62,3.42
19,82,T. Young,PG,WAS,GTD,26.8,68,.422,.861,2.69,22.88,2.76,10.01,1.13,0.15,4.13
20,21,A. Reaves,"PG,SG,SF",LAL,,21.9,70,.476,.870,2.43,23.81,5.36,5.73,1.06,0.34,2.63
21,12,A. Thompson,"PG,SG",HOU,,24.6,72,.543,.768,0.38,18.26,7.82,5.06,1.62,0.93,2.18
22,60,D. Sabonis,"PF,C",SAC,GTD,29.9,69,.581,.733,0.57,16.71,12.87,5.67,0.72,0.36,2.68
23,63,L. Ball,PG,MIN,,24.8,60,.416,.874,3.90,22.52,5.42,7.35,1.37,0.28,3.20
24,52,D. Booker,"PG,SG",PHX,,28.3,68,.465,.882,2.09,25.96,4.00,6.34,0.81,0.26,2.87
25,59,A. Şengün,"PF,C",HOU,,18.1,71,.513,.692,0.46,21.13,9.20,6.25,1.21,0.97,3.01
26,28,S. Curry,PG,GSW,,24.5,66,.453,.929,4.42,24.50,3.85,4.77,0.94,0.35,2.53
27,32,C. Holmgren,"PF,C",OKC,,25.9,66,.539,.785,1.41,17.20,9.56,1.97,0.67,2.12,1.65
28,45,E. Mobley,"PF,C",CLE,,30.5,70,.551,.658,1.03,18.40,9.27,3.57,0.84,1.73,2.03
29,44,J. Brunson,PG,NYK,GTD,22.4,72,.475,.835,2.53,25.65,3.25,6.83,0.82,0.11,2.38
30,58,J. Harden,"PG,SG",CLE,,36.3,71,.423,.881,2.52,18.42,4.56,7.31,1.10,0.49,3.20
31,94,J. Brown,"SG,SF,PF",PHI,,28.7,69,.473,.777,1.90,23.97,6.01,4.58,1.06,0.36,3.03
32,34,B. Adebayo,"PF,C",MIA,GTD,30.9,74,.449,.772,2.03,20.30,8.59,3.68,1.19,0.70,1.88
33,14,K. Leonard,"SG,SF,PF",TOR,,26.7,60,.507,.878,2.30,24.57,6.15,3.35,1.68,0.48,1.88
34,20,L. Markkanen,"SF,PF",UTA,,40.3,68,.463,.891,2.87,23.65,8.01,1.91,0.90,0.46,1.47
35,13,T. Murphy III,"SG,SF",NOP,,39.3,68,.463,.877,3.25,21.79,5.87,3.60,1.26,0.51,1.74
36,41,J. Duren,C,DET,,35.1,71,.657,.731,0.00,18.31,11.28,2.55,0.80,1.04,2.06
37,38,W. Kessler,C,LAL,,35.6,67,.642,.629,0.52,14.15,11.94,1.73,0.72,2.66,1.66
38,30,J. Williams,"SF,PF",OKC,GTD,43.2,69,.496,.809,1.41,20.17,6.57,5.26,1.39,0.54,2.04
39,23,D. Clingan,C,POR,,40.5,73,.539,.656,1.00,13.51,13.07,2.30,0.71,2.00,1.55
40,35,B. Miller,"SF,PF",CHA,GTD,47.4,68,.438,.875,3.54,23.34,5.21,3.96,1.15,0.72,2.62
41,27,D. White,"PG,SG",BOS,,46.6,73,.423,.878,2.93,16.73,4.34,5.23,1.04,1.16,1.67
42,109,L. James,"SF,PF",PHI,,39.6,66,.510,.755,1.29,18.50,5.65,6.35,0.92,0.45,2.73
43,57,J. Jackson Jr.,"PF,C",UTA,GTD,51.2,66,.472,.810,1.61,18.76,6.45,2.06,1.18,1.65,2.15
44,39,A. Davis,"PF,C",WAS,GTD,36.0,58,.526,.782,0.50,21.93,10.60,3.10,1.07,1.93,1.98
45,18,K. Knueppel,"SG,SF",CHA,,39.2,79,.477,.870,3.80,21.22,5.47,3.89,0.80,0.27,2.28
46,47,D. Bane,"SG,SF",ORL,,53.2,70,.481,.899,2.26,20.34,4.30,4.14,1.07,0.44,2.20
47,78,D. Avdija,"SG,SF,PF",POR,,38.5,72,.473,.789,1.68,20.74,6.93,5.51,0.89,0.57,2.96
48,68,K. Irving,PG,DAL,GTD,51.9,57,.475,.914,2.75,21.40,4.18,4.19,1.04,0.37,1.67
49,42,F. Wagner,"SF,PF",ORL,GTD,53.7,67,.485,.848,1.67,24.22,5.73,4.22,1.15,0.36,2.10
50,24,O. Okongwu,C,ATL,,54.9,75,.481,.763,1.97,15.59,8.09,2.85,1.05,1.27,1.57
51,121,K. George,"PG,SG",UTA,,55.9,67,.448,.865,1.96,17.72,3.84,6.09,1.04,0.19,3.07
52,119,P. Banchero,PF,ORL,,34.7,70,.456,.753,1.46,24.17,8.23,5.34,0.79,0.60,3.19
53,56,M. Porter Jr.,"SF,PF",BKN,,61.8,65,.470,.826,3.14,21.75,7.06,2.65,0.98,0.43,1.98
54,25,N. Alexander-Walker,"PG,SG",ATL,,60.0,80,.454,.861,3.01,19.11,3.45,3.48,1.07,0.54,1.75
55,92,B. Ingram,"SG,SF,PF",LAC,GTD,66.3,68,.477,.816,1.79,21.84,5.54,4.29,0.78,0.69,2.63
56,53,N. Reid,"PF,C",CHA,,63.8,76,.461,.746,2.39,15.34,6.58,2.29,0.95,1.05,1.64
57,72,C. Boozer,PF,MEM,,58.6,75,.486,.783,1.25,17.27,8.52,3.44,0.93,0.59,2.39
58,77,D. Lillard,PG,POR,GTD,69.7,62,.436,.921,2.73,18.66,6.02,5.31,0.84,0.15,2.06
59,126,J. Embiid,C,PHI,,50.5,49,.488,.866,1.24,24.49,7.49,3.90,0.59,1.16,2.53
60,9,D. Daniels,"SG,SF",ATL,,61.7,72,.516,.618,0.65,13.07,6.58,5.60,2.42,0.56,1.89
61,55,D. Garland,PG,LAC,,63.8,68,.463,.864,2.91,21.63,2.84,7.25,1.22,0.16,2.99
62,76,P. Siakam,"PF,C",IND,,48.8,70,.504,.711,1.51,21.64,6.71,3.67,0.94,0.43,1.80
63,70,I. Zubac,C,IND,,65.7,72,.617,.692,0.00,14.49,10.97,2.19,0.49,1.00,1.56
64,111,D. Murray,PG,NOP,,70.6,65,.439,.820,1.72,16.34,6.28,6.28,1.57,0.26,3.43
65,65,J. Allen,C,CLE,,72.7,68,.661,.718,0.00,14.34,9.07,1.96,0.87,0.87,1.28
66,66,Z. Edey,C,MEM,GTD,73.8,60,.613,.760,0.32,15.28,11.38,1.28,0.72,2.22,2.50
67,50,T. Herro,"PG,SG",MIL,GTD,66.6,66,.465,.886,3.18,23.67,5.05,4.89,0.80,0.24,2.30
68,133,A. Sarr,C,WAS,GTD,69.0,70,.481,.685,0.11,14.83,6.94,2.93,0.84,1.73,1.96
69,19,K. Ware,C,MIL,,72.8,76,.529,.718,1.42,14.16,9.62,1.05,0.93,1.43,1.09
70,33,R. Rollins,"PG,SG",MIL,,75.8,70,.482,.810,2.54,18.41,4.93,5.70,1.64,0.50,2.79
71,46,O. Anunoby,"SF,PF",NYK,,65.7,70,.480,.814,2.27,16.53,5.03,2.10,1.44,0.74,1.57
72,88,R. Gobert,C,MIN,,73.4,73,.672,.592,0.00,11.05,10.84,1.55,0.70,1.55,1.29
73,83,D. Fox,PG,SAS,,80.2,69,.471,.777,1.81,18.23,3.87,5.62,1.32,0.30,2.29
74,29,P. Pritchard,PG,BOS,,78.7,78,.467,.871,3.01,18.55,4.22,4.91,0.82,0.14,1.28
75,123,J. Randle,PF,BKN,,67.3,70,.460,.802,1.46,19.84,7.04,4.87,0.89,0.23,2.83
76,120,P. George,"SF,PF",BOS,,81.0,59,.446,.856,2.31,15.03,4.46,3.20,1.41,0.39,1.75
77,86,S. Castle,"PG,SG",SAS,,55.1,73,.486,.740,1.41,18.38,5.36,6.95,1.40,0.32,3.10
78,43,M. Bridges,"SF,PF",NYK,,78.8,82,.480,.815,1.96,14.87,3.54,3.54,1.06,0.59,1.30
79,48,V. Edgecombe,"PG,SG",PHI,,74.2,77,.437,.820,1.96,14.87,5.06,3.90,1.53,0.56,1.97
80,15,M. Buzelis,"SF,PF",CHI,,59.1,76,.468,.793,2.74,20.17,7.08,2.71,1.01,1.51,2.33
81,64,C. Coward,"SG,SF",MEM,,91.9,70,.478,.832,2.00,18.69,7.13,3.84,0.90,0.60,2.36
82,84,C. Wilson,PF,CHI,,79.5,75,.505,.718,0.59,14.88,7.57,2.61,1.15,1.13,2.08
83,104,C. White,"PG,SG",CHA,,87.7,69,.449,.853,2.61,18.88,3.74,5.80,0.70,0.16,2.39
84,106,Z. Williamson,"PF,C",NOP,,69.9,64,.606,.700,0.03,22.98,6.08,4.06,1.05,0.64,2.41
85,114,N. Powell,"SG,SF",CHI,,93.1,66,.470,.820,2.58,19.79,3.17,2.05,1.02,0.21,1.65
86,100,N. Claxton,C,CHI,,91.4,69,.610,.576,0.06,12.59,8.10,3.12,0.77,1.46,1.41
87,130,D. Sharpe,C,BKN,,94.0,66,.553,.660,0.23,11.08,9.24,2.92,1.45,0.45,1.94
88,69,I. Quickley,"PG,SG",TOR,,96.9,71,.432,.836,2.54,15.31,3.89,5.69,1.07,0.08,1.51
89,37,J. McDaniels,SF,MIN,,86.7,75,.510,.818,1.43,15.77,4.95,3.00,1.24,0.96,1.59
90,80,A. Thompson,"SG,SF,PF",DET,,89.7,66,.525,.592,0.23,11.73,6.21,3.39,2.08,1.02,1.70
91,89,D. Harper,"PG,SG",SAS,,83.3,69,.507,.758,1.16,16.65,4.80,4.80,1.16,0.51,2.14
92,61,D. Queen,"PF,C",NOP,,78.2,76,.488,.795,0.42,14.46,8.34,4.34,1.22,1.08,2.75
93,98,A. Wiggins,"SG,SF,PF",MIA,,103.6,68,.458,.770,2.01,15.46,4.85,2.57,1.01,0.91,1.56
94,79,J. Smith Jr.,"PF,C",HOU,,95.3,73,.447,.791,2.23,15.73,7.26,1.73,0.70,0.89,1.36
95,162,A. Dybantsa,SF,WAS,,77.4,78,.461,.771,1.22,17.36,5.78,3.08,0.96,0.38,2.60
96,171,Z. LaVine,"PG,SG,SF",SAC,GTD,107.5,67,.491,.847,2.36,16.91,3.06,2.79,0.63,0.16,1.96
97,148,K. Porziņģis,C,GSW,,101.5,55,.474,.834,1.89,16.67,5.02,2.40,0.58,1.20,1.18
98,91,M. Bridges,PF,PHX,,98.2,71,.444,.837,2.01,17.28,6.79,3.44,0.68,0.52,1.70
99,101,M. Turner,C,MIL,,98.9,68,.468,.759,1.93,12.65,5.68,1.37,0.65,1.69,1.31
100,67,J. Hart,"SG,SF",NYK,,96.0,72,.498,.752,1.47,11.83,7.85,4.33,1.17,0.28,1.78
101,81,T. Camara,"SF,PF",POR,,112.5,79,.443,.719,2.24,12.32,5.33,2.20,1.23,0.51,1.56
102,144,I. Hartenstein,C,OKC,GTD,105.0,63,.607,.648,0.00,9.06,9.16,3.24,0.94,0.90,1.52
103,250,J. Morant,PG,POR,GTD,91.5,58,.437,.849,1.17,16.93,3.14,5.72,1.07,0.26,3.45
104,90,J. Suggs,"PG,SG",ORL,,111.1,64,.431,.839,2.11,14.09,3.75,4.98,1.67,0.73,2.53
105,180,A. Nembhard,"PG,SG",IND,,115.9,66,.454,.815,1.30,13.06,2.83,6.08,1.00,0.14,1.98
106,224,J. Nurkić,C,UTA,,114.0,55,.500,.613,0.60,11.09,10.40,4.00,1.13,0.76,2.40
107,107,C. McCollum,"PG,SG",ATL,,108.9,73,.452,.760,2.49,17.42,3.16,3.70,0.85,0.41,1.58
108,124,P. Watson,"SF,PF",CLE,GTD,116.2,71,.476,.719,1.32,12.44,4.61,2.08,0.85,1.35,1.30
109,115,D. Mitchell,PG,MIA,,119.0,71,.463,.675,1.31,9.39,2.66,7.24,1.23,0.37,1.65
110,95,A. Dosunmu,"PG,SG",MIN,,112.9,71,.490,.847,1.72,15.04,3.62,3.72,0.94,0.37,1.54
111,108,C. Murray-Boyles,"PF,C",TOR,GTD,115.7,70,.580,.656,0.36,10.43,6.07,2.30,1.10,1.10,1.36
112,99,J. Collins,"PF,C",DET,,117.4,65,.542,.799,1.37,15.57,6.77,1.29,0.86,0.85,1.71
113,75,D. Peterson,SG,UTA,,98.4,73,.453,.827,1.84,16.92,4.71,3.18,1.15,0.62,1.93
114,239,J. Poeltl,C,TOR,,121.6,58,.658,.623,0.00,8.91,6.55,2.07,0.81,0.69,1.34
115,279,K. Maluach,C,PHX,,120.6,68,.567,.743,0.22,4.96,4.44,0.41,0.25,1.00,0.62
116,97,B. Podziemski,"PG,SG",GSW,,115.9,74,.449,.776,1.89,13.01,5.54,3.86,1.09,0.19,1.50
117,54,R. Sheppard,"PG,SG",HOU,,119.4,75,.446,.800,2.60,13.11,2.88,3.25,1.44,0.64,1.47
118,113,N. Queta,C,BOS,,111.8,65,.651,.712,0.00,9.86,7.95,1.55,0.72,1.28,1.00
119,161,A. Gordon,"PF,C",DEN,,112.7,65,.515,.756,1.55,15.63,5.71,3.09,0.58,0.37,1.31
120,154,K. George,"SG,SF,PF",WAS,,115.8,68,.434,.787,1.59,11.62,5.15,3.87,1.10,0.90,2.24
121,138,K. Porter Jr.,"PG,SG",MIL,GTD,117.6,60,.458,.832,0.97,13.87,4.52,5.32,1.62,0.32,2.37
122,116,D. Vassell,"SG,SF",SAS,,116.7,69,.433,.803,2.43,13.36,3.91,2.84,1.01,0.41,1.14
123,137,S. Mamukelashvili,"PF,C",LAL,,117.5,74,.480,.744,1.92,12.20,5.89,2.16,0.77,0.36,1.43
124,87,Y. Lendeborg,PF,GSW,,116.4,74,.467,.808,1.24,11.38,5.51,2.47,1.00,0.88,1.24
125,151,J. Green,"SG,SF",PHX,,104.8,72,.420,.790,2.68,19.96,4.44,3.49,0.96,0.32,2.50
126,71,C. Wallace,"PG,SG,SF",OKC,,117.8,73,.452,.796,1.29,8.64,3.19,2.51,1.81,0.44,0.89
127,36,J. Jaquez Jr.,"SG,SF,PF",MIL,,103.9,75,.542,.805,1.08,16.44,5.43,4.83,0.99,0.23,1.07
128,73,K. Murray,"SF,PF",SAC,GTD,120.6,70,.440,.816,1.99,13.67,6.21,1.56,0.93,1.03,0.90
129,165,T. Jones,"PG,SG",CHI,,,60,.540,.839,0.62,11.55,3.13,5.30,1.05,0.17,1.28
130,110,A. Mitchell,"PG,SG",OKC,GTD,114.4,65,.485,.869,1.11,13.62,3.43,3.94,1.28,0.29,1.46
131,231,R. Barrett,"SG,SF,PF",TOR,,111.1,64,.472,.684,1.77,17.33,5.52,3.00,0.70,0.31,1.80
132,156,J. Holiday,"PG,SG",POR,,118.3,68,.454,.849,1.93,12.18,4.13,4.49,0.90,0.31,1.81
133,49,T. Jerome,"PG,SG",MEM,,106.4,67,.494,.874,2.55,17.18,3.46,6.15,1.25,0.12,1.94
134,269,J. Butler III,"SF,PF",GSW,INJ,117.4,35,.509,.854,0.63,15.77,3.37,4.20,1.14,0.20,1.23
135,155,M. Raynaud,C,SAC,,119.7,74,.571,.787,0.31,12.20,7.19,1.24,0.50,0.51,1.19
136,146,F. VanVleet,PG,HOU,GTD,119.7,60,.392,.847,2.30,12.35,3.18,5.15,1.18,0.43,1.23
137,96,C. Gillespie,"PG,SG",PHX,,123.5,70,.420,.865,2.66,11.83,3.89,4.37,1.19,0.19,1.43
138,157,P. Reed,"PF,C",DET,,119.2,66,.568,.713,0.29,8.68,5.59,1.61,1.06,1.06,1.06
139,134,T. Eason,"SG,SF,PF",HOU,,122.2,60,.444,.756,1.43,11.80,6.82,1.57,1.50,0.68,1.33
140,166,B. Portis,"PF,C",MIA,,114.8,63,.485,.769,1.65,13.68,7.08,1.63,0.68,0.32,1.05
141,169,W. Carter Jr.,C,ORL,,111.2,68,.504,.749,0.88,11.01,7.41,1.96,0.75,0.60,1.24
142,208,D. Green,"PF,C",GSW,,110.9,65,.431,.691,1.23,8.20,5.66,5.35,1.05,0.75,2.46
143,74,C. Braun,"SG,SF,PF",DEN,,120.1,74,.540,.789,1.07,13.34,5.09,2.61,0.96,0.42,1.00
144,243,N. Vučević,C,ORL,,114.1,69,.504,.817,0.80,8.58,4.78,1.72,0.35,0.35,0.75
145,226,M. Diabaté,C,CHA,,109.4,65,.604,.645,0.02,6.92,7.69,1.75,0.69,0.88,1.09
146,102,S. Bey,"SF,PF",NOP,,121.5,70,.441,.840,1.96,15.63,5.56,2.20,0.87,0.10,0.89
147,174,A. Nesmith,"SG,SF",IND,,102.5,65,.456,.835,2.06,12.68,4.02,1.58,0.77,0.51,1.11
148,139,T. Harris,PF,SAS,,117.6,71,.470,.868,1.10,11.38,4.52,2.14,0.83,0.49,0.96
149,147,H. Jones,"SG,SF",NOP,,,65,.420,.825,1.40,9.62,3.51,2.78,1.55,0.55,1.34
150,173,D. Brooks,"SF,PF",PHX,,114.4,70,.432,.837,2.19,15.87,3.47,1.66,0.87,0.16,1.31
151,183,P. Washington,"PF,C",DAL,,118.7,62,.448,.699,1.47,13.60,6.74,1.89,0.98,0.97,1.66
152,140,A. Bailey,"SF,PF",UTA,,118.6,72,.451,.769,1.79,13.78,4.64,1.97,0.90,0.74,1.61
153,122,A. Black,"PG,SG,SF",ORL,,118.8,69,.463,.762,1.48,14.70,3.72,3.58,1.33,0.70,2.04
154,190,D. Jenkins,"PG,SG",DET,,,70,.431,.832,0.94,9.23,2.20,3.94,0.76,0.47,0.70
155,131,J. Fears,"PG,SG",NOP,,117.5,78,.430,.799,1.36,14.96,4.05,3.77,1.31,0.40,2.41
156,164,D. Acuff Jr.,PG,SAC,,110.2,76,.409,.797,2.04,17.08,3.57,4.47,0.82,0.38,2.11
157,177,K. Oubre Jr.,"SF,PF",IND,,117.1,68,.455,.757,1.25,11.72,4.59,1.40,1.16,0.44,1.13
158,127,Q. Grimes,"SG,SF",LAL,,121.9,71,.441,.810,2.38,15.52,3.85,3.18,1.03,0.37,1.94
159,149,M. Johnson Jr.,PF,DAL,,116.2,75,.589,.736,0.33,8.36,5.03,1.04,0.87,1.04,1.04
160,105,G. Allen,"SG,SF",CHA,,117.1,68,.432,.850,2.75,13.72,3.21,3.04,1.07,0.34,1.38
161,132,C. Sexton,"PG,SG",LAL,,117.3,68,.481,.860,1.88,17.59,2.78,4.03,1.06,0.16,2.50
162,220,B. Mathurin,"SG,SF",NOP,,117.9,65,.442,.849,1.34,16.17,5.05,2.09,0.69,0.26,1.94
163,215,J. Grant,"SF,PF",MEM,,118.5,59,.424,.820,2.44,16.69,3.31,2.15,0.75,0.69,1.80
164,143,E. Dëmin,"PG,SG",BKN,,120.3,70,.407,.827,2.83,12.67,3.83,4.03,0.97,0.39,2.00
165,204,B. Lopez,C,LAC,,102.3,72,.458,.797,1.42,8.29,3.07,1.07,0.42,1.12,0.65
166,212,Y. Missi,C,NOP,,,68,.615,.698,0.00,6.69,5.66,1.18,0.94,0.44,0.71
167,128,S. Hauser,"SF,PF",BOS,,,75,.438,.625,2.52,9.08,3.41,2.60,1.13,0.76,1.91
168,145,I. Stewart,"PF,C",MEM,,114.5,68,.537,.755,0.87,11.56,6.43,1.63,0.38,1.54,1.28
169,112,S. Henderson,PG,POR,,,65,.465,.824,1.74,13.52,2.95,3.38,0.97,0.49,0.68
170,201,D. Gafford,C,DAL,,106.4,58,.686,.681,0.00,9.43,6.62,1.21,0.62,1.38,1.05
171,272,O. Ighodaro,C,PHX,,,73,.516,.806,0.00,5.63,5.08,2.10,0.77,0.12,1.34
172,188,C. Johnson,"SF,PF",DEN,,110.7,55,.478,.861,2.11,13.11,4.04,2.73,0.80,0.36,1.16
173,186,S. Aldama,PF,DAL,GTD,,68,.472,.661,1.49,10.90,5.46,2.38,0.68,0.54,1.00
174,301,J. Poole,"PG,SG",NOP,,,58,.409,.870,1.79,10.88,1.62,2.48,0.60,0.22,1.53
175,227,D. Lively II,C,DAL,GTD,,50,.710,.609,0.00,8.56,7.34,1.92,0.62,1.58,1.16
176,178,K. Filipowski,"PF,C",UTA,,117.5,75,.495,.718,0.96,10.31,6.51,2.24,0.80,0.41,1.48
177,247,D. Hunter,"SF,PF",SAC,GTD,,65,.432,.851,1.86,11.88,3.68,1.54,0.65,0.17,1.34
178,203,M. Robinson,C,BOS,,108.4,63,.691,.434,0.00,5.56,8.30,0.81,0.95,1.14,0.68
179,129,J. Champagnie,"SF,PF",SAS,,111.4,78,.426,.850,2.21,10.24,4.36,1.49,0.74,0.47,0.87
180,117,K. Kuzma,"SF,PF",MIL,,119.7,71,.453,.788,1.54,14.75,5.10,2.51,1.08,0.27,1.24
181,228,A. Simons,"PG,SG",PHI,,100.3,68,.427,.901,2.47,13.49,2.29,3.22,0.53,0.09,1.49
182,152,A. Drummond,C,NYK,,107.2,67,.637,.623,0.27,8.42,8.21,1.78,1.04,0.34,0.88
183,221,D. Ayton,C,WAS,,116.5,66,.618,.667,0.02,9.32,6.89,0.86,0.52,0.71,1.06
184,192,M. Strus,"SF,PF",LAC,,,63,.440,.804,2.57,11.10,4.76,2.90,0.56,0.24,1.05
185,181,J. Wells,"SG,SF",MEM,GTD,,73,.443,.594,1.96,12.21,3.47,1.59,0.47,1.77,1.15
186,217,R. Hachimura,"SF,PF",LAC,,106.7,65,.517,.730,1.54,11.43,3.69,0.98,0.58,0.32,0.63
187,118,A. Wiggins,"SG,SF",ATL,,105.2,70,.442,.774,1.74,11.20,3.54,4.37,1.31,0.21,1.44
188,103,B. Burries,SG,MIL,,120.9,75,.445,.890,1.31,12.12,3.83,2.44,1.00,0.37,1.07
189,168,D. Melton,"PG,SG",GSW,,,60,.416,.818,1.87,13.08,3.52,2.82,1.63,0.42,1.78
190,237,B. Coulibaly,"SG,SF",WAS,,,58,.427,.739,1.05,10.69,4.21,2.53,1.17,0.91,1.55
191,141,S. Pippen Jr.,PG,MEM,GTD,,65,.480,.740,1.28,12.22,3.23,4.62,1.74,0.45,2.49
192,184,K. Thompson,"SG,SF",MIA,,108.5,67,.408,.729,2.21,9.78,1.99,3.30,1.18,0.31,1.22
193,383,C. Whitmore,"SF,PF",DEN,,,55,.414,.718,0.93,7.35,2.44,1.22,0.45,0.16,0.78
194,175,O. Toppin,"SF,PF",IND,,,76,.534,.813,1.30,10.13,3.86,1.66,0.53,0.30,0.87
195,179,M. McBride,"PG,SG",NYK,,,66,.420,.814,2.26,10.88,2.41,2.70,0.95,0.23,0.70
196,170,L. Dort,"SG,SF",ATL,,,71,.413,.771,2.06,9.44,3.75,1.39,0.97,0.48,0.79
197,222,T. McConnell,PG,IND,,,69,.521,.792,0.23,8.52,2.19,4.41,0.93,0.16,1.19
198,158,K. Johnson,"SF,PF",SAS,,,78,.496,.785,1.26,13.19,5.10,1.63,0.60,0.19,0.97
199,248,J. Smith,"PF,C",CHI,,,58,.472,.784,1.31,9.48,6.34,1.31,0.55,0.74,1.33
200,293,A. Horford,"PF,C",GSW,,98.8,53,.440,.850,1.17,5.75,3.79,1.62,0.42,0.66,0.55
201,196,M. Brown Jr.,PG,BKN,,117.1,74,.409,.773,1.73,13.24,3.72,4.24,0.78,0.20,1.58
202,136,R. O'Neale,"SF,PF",CHA,,,76,.415,.700,2.22,8.24,4.74,2.32,0.89,0.39,1.00
203,163,I. Joe,"SG,SF",DET,,,73,.447,.871,2.56,10.74,2.53,1.48,0.70,0.16,0.62
204,256,R. Williams III,C,POR,,,45,.691,.651,0.11,6.51,6.80,1.00,0.60,1.49,0.82
205,125,D. Robinson,"SG,SF",DET,,106.6,70,.427,.800,2.69,11.26,2.44,3.06,1.34,0.31,1.59
206,135,K. Wagler,SG,LAC,,119.2,75,.460,.797,1.75,13.84,3.83,4.16,0.96,0.21,1.92
207,206,K. Ellis,"SG,SF",BKN,,,72,.446,.783,1.18,6.00,1.92,1.08,1.08,0.58,0.61
208,244,M. Monk,"PG,SG",SAC,,,64,.443,.863,1.70,11.66,2.17,3.44,0.58,0.38,1.53
209,270,J. Huff,C,IND,,,65,.486,.812,0.11,6.66,2.97,1.06,0.37,1.37,0.71
210,199,N. Marshall,"SG,SF,PF",DAL,,118.0,71,.505,.773,0.76,11.86,4.06,2.65,0.90,0.10,1.35
211,159,K. Dunn,"PG,SG",LAC,,,74,.462,.750,0.88,6.31,3.07,3.18,1.46,0.24,1.14
212,261,M. Christie,"SG,SF",DAL,,,73,.435,.875,2.26,12.45,3.60,2.64,0.64,0.32,3.04
213,235,S. Sharpe,"PG,SG",POR,INJ,117.6,60,.450,.786,1.97,18.55,4.07,2.47,1.05,0.13,2.38
214,216,R. Kalkbrenner,C,CHA,,,69,.753,.710,0.00,6.51,4.72,0.67,0.39,1.26,0.77
215,194,D. Jones Jr.,"SF,PF",LAC,,,67,.507,.728,1.06,9.79,3.39,1.04,0.91,0.70,0.82
216,346,D. DiVincenzo,"SG,SF",MIN,INJ,,33,.416,.742,2.33,9.76,3.00,2.76,0.97,0.27,1.12
217,242,N. Clowney,"PF,C",BKN,,,60,.401,.808,1.57,9.85,4.08,1.40,0.80,0.55,0.90
218,207,A. Caruso,"SG,SF",OKC,,98.8,57,.442,.789,1.18,7.19,3.00,2.42,1.46,0.51,0.91
219,182,L. Kornet,C,SAS,,,68,.658,.786,0.00,6.22,5.57,1.66,0.46,0.97,0.40
220,200,T. da Silva,"SF,PF",ORL,,,75,.450,.750,1.76,10.29,3.83,1.43,0.71,0.40,1.11
221,142,T. Hardaway Jr.,"SG,SF",MIA,,,75,.444,.572,2.65,12.96,2.67,1.60,1.04,0.95,1.15
222,197,T. Johnson,"PG,SG,SF",WAS,,,60,.425,.852,1.98,11.70,2.88,4.43,0.77,0.10,0.78
223,93,J. LaRavia,"SF,PF",LAL,,,68,.461,.777,1.22,9.84,4.71,2.46,1.35,0.54,0.47
224,210,D. Cardwell,"PF,C",SAC,,,72,.579,.507,0.00,4.68,6.71,1.24,0.60,1.33,0.78
225,150,J. Hayes,C,UTA,,,69,.671,.788,0.01,6.48,4.10,1.19,0.99,0.87,0.35
226,281,Z. Risacher,"SF,PF",DAL,,,66,.464,.846,1.36,9.32,3.20,1.59,0.59,0.12,1.42
227,167,R. Holland II,"SF,PF",DET,,,79,.466,.687,0.72,8.35,3.80,1.08,0.99,0.76,0.52
228,189,K. Huerter,"SG,SF",DET,,,68,.441,.763,1.68,10.01,3.31,2.47,0.90,0.41,0.99
229,236,S. Merrill,"SG,SF",CLE,,,61,.426,.902,2.61,9.95,2.38,2.02,0.69,0.08,0.69
230,657,T. Bradley,C,ATL,NA,,0,.000,.000,,,,,,,
231,273,I. Jackson,C,LAC,,,55,.612,.672,0.00,7.20,5.55,1.02,0.67,1.02,1.02
232,213,J. Tyson,"SG,SF,PF",CLE,,,69,.472,.723,1.52,10.57,4.46,0.86,0.78,0.28,0.78
233,223,J. Walker,"SF,PF",IND,,,70,.424,.799,1.56,10.29,4.39,1.97,0.87,0.43,1.53
234,214,J. Walter,"PG,SG",TOR,,,73,.435,.787,1.56,8.64,2.97,1.40,0.93,0.21,0.79
235,198,J. Goodwin,"PG,SG",PHX,,,65,.407,.755,1.31,7.69,4.57,2.11,1.29,0.25,0.95
236,254,J. Williams,"PF,C",OKC,,,59,.417,.785,1.39,6.49,5.39,1.20,0.86,0.17,0.59
237,263,K. Middleton,"SF,PF",WAS,,,53,.454,.694,1.13,10.62,3.68,1.15,1.08,0.72,1.02
238,205,L. Kennard,"SG,SF",PHX,,101.7,67,.531,.673,1.33,7.22,2.07,1.63,0.64,1.21,0.85
239,260,Q. Post,C,MEM,,,69,.435,.773,1.51,7.68,3.86,1.70,0.46,0.16,0.64
240,258,H. Steinbach,PF,CHA,,,70,.478,.759,0.34,8.24,5.33,0.96,0.46,0.80,1.00
241,259,M. Wagner,C,BKN,,,64,.476,.757,0.75,10.05,4.86,1.28,0.56,0.38,0.72
242,274,K. Sanders,"SG,SF",LAC,,,68,.443,.803,1.06,7.04,2.31,3.01,0.78,0.15,1.25
243,219,A. Bona,C,PHI,GTD,100.7,65,.662,.709,0.02,6.77,5.40,0.60,0.63,1.42,1.00
244,193,T. Hendricks,"PF,C",MEM,,,71,.466,.719,1.08,8.52,3.51,1.15,1.15,0.82,1.31
245,246,D. Schröder,"PG,SG",CHA,,,73,.476,.789,0.85,8.44,1.86,2.53,0.51,0.64,0.93
246,172,C. Spencer,"PG,SG",MEM,,,67,.452,.917,1.82,10.21,2.46,5.16,0.70,0.13,1.25
247,284,K. Matković,"PF,C",NOP,,,54,.618,.738,0.59,6.61,4.13,1.48,0.52,0.24,0.56
248,252,J. McCain,"PG,SG",OKC,,106.9,67,.442,.788,2.01,12.16,2.66,2.01,0.67,0.12,1.34
249,187,B. Scheierman,"SG,SF",BOS,,,78,.429,.878,1.56,6.77,4.24,1.81,0.74,0.22,0.79
250,249,G. Santos,"SF,PF",GSW,,,71,.482,.700,0.96,7.27,3.66,2.14,0.83,0.21,1.03
251,160,D. DeRozan,"SF,PF",DEN,,116.5,74,.486,.863,0.57,14.28,2.39,3.05,0.68,0.26,0.93
252,85,M. Williams,C,PHX,INJ,105.3,64,.631,.776,0.00,13.17,9.00,1.48,0.88,1.05,1.27
253,233,J. Champagnie,"SF,PF",WAS,,,57,.495,.754,0.93,8.16,5.28,1.14,0.93,0.60,0.74
254,299,J. Green,"SG,SF",DET,,,61,.433,.813,1.00,6.10,2.72,0.82,0.31,0.98,0.66
255,286,H. Barnes,PF,SAS,,,79,.400,.807,1.09,6.86,2.25,1.16,0.57,0.53,1.14
256,234,B. Sensabaugh,"SG,SF,PF",UTA,,,72,.442,.870,1.76,11.04,2.79,1.33,0.47,0.26,0.82
257,398,M. Moody,"SG,SF,PF",GSW,INJ,,30,.438,.767,1.53,7.90,2.17,1.20,0.63,0.40,0.70
258,253,A. Green,"PG,SG,SF",MIL,,97.9,72,.429,.791,2.44,8.67,2.42,4.25,0.49,0.32,2.08
259,195,R. Westbrook,"PG,SG",SAC,NA,,65,.469,.745,1.20,11.25,3.94,1.92,1.11,0.40,1.14
260,257,G. Bitadze,C,ORL,,,65,.606,.667,0.03,5.20,4.83,1.31,0.52,1.00,0.66
261,191,P. Achiuwa,"PF,C",SAC,,,69,.516,.605,0.32,8.77,6.42,1.13,1.00,0.68,0.91
262,238,B. Carrington,"PG,SG",WAS,,,82,.455,.797,1.40,8.24,2.73,1.55,0.49,0.44,0.96
263,375,G. Payton II,"SG,SF",GSW,,,64,.416,.829,0.52,5.22,3.22,1.81,0.48,0.11,1.27
264,323,B. Brown,"PG,SG",NYK,,,77,.425,.802,0.68,7.94,3.96,2.45,0.91,0.22,2.71
265,428,Z. Williams,"SG,SF",LAL,,,38,.413,.838,0.68,4.50,1.53,0.55,0.50,0.16,0.50
266,309,D. Barlow,"PF,C",PHI,,,52,.457,.667,0.29,6.10,4.35,1.94,0.94,0.54,0.96
267,176,J. Shead,PG,TOR,,,79,.397,.827,1.18,8.10,1.90,5.15,1.01,0.37,1.44
268,354,J. Konchar,"SG,SF",NYK,,,52,.427,.893,0.62,3.79,4.08,1.87,0.56,0.15,0.92
269,337,J. Alvarado,PG,NYK,,,62,.440,.800,1.29,7.06,1.95,1.03,0.35,0.10,0.44
270,315,J. Valančiūnas,C,DEN,NA,,56,.535,.830,0.18,7.57,5.27,1.16,0.30,0.18,0.70
271,289,M. Smart,"PG,SG",HOU,,,68,.390,.856,1.24,7.78,2.10,2.72,0.54,0.19,1.06
272,411,D. Smith,"PG,SG",MIA,,,41,.404,.661,0.12,4.73,2.44,0.90,0.73,0.49,0.54
273,202,P. Larsson,"SG,SF",MIA,,,70,.492,.792,0.94,11.61,3.44,3.30,0.79,0.26,1.40
274,350,V. Krejčí,"SG,SF",POR,,,55,.398,.865,1.45,6.36,2.20,2.73,0.58,0.13,1.36
275,311,J. Landale,C,ATL,,,57,.515,.805,0.77,8.49,4.68,1.09,0.28,0.16,0.81
276,232,D. Wade,"SF,PF",PHI,,102.4,64,.418,.690,1.45,6.34,4.81,1.75,0.88,0.55,0.81
277,271,I. Okoro,"SG,SF",CHI,,,64,.424,.711,0.81,5.91,2.05,2.89,0.83,0.55,0.81
278,343,B. Williams,PG,GSW,,,45,.494,.881,0.49,8.91,1.84,2.29,0.53,0.11,0.82
279,241,R. Dunn,"SF,PF",PHX,,,71,.437,.489,0.99,6.48,4.13,1.35,0.89,0.48,0.66
280,336,N. Batum,"SF,PF",LAC,NA,,57,.422,.750,0.84,2.95,2.02,1.89,0.56,0.25,0.35
281,297,I. Collier,"PG,SG",UTA,,,63,.465,.759,0.54,7.97,2.14,4.83,0.56,0.32,1.49
282,372,M. Gueye,"PF,C",ATL,GTD,,50,.437,.708,0.56,5.00,3.90,1.60,0.52,0.28,0.94
283,288,S. Fontecchio,"SF,PF",MIA,,,70,.408,.827,1.39,7.11,2.81,0.99,0.53,0.16,0.73
284,277,K. Caldwell-Pope,"SG,SF",PHI,GTD,,63,.463,.644,1.03,7.30,1.90,1.52,0.75,0.84,0.97
285,331,M. Bagley III,"PF,C",DEN,,,48,.550,.747,0.23,7.81,4.75,0.98,0.44,0.25,0.42
286,267,T. Mann,"SG,SF",BKN,,,66,.444,.641,0.86,7.05,3.15,1.14,0.64,1.00,0.77
287,335,C. Capela,C,HOU,,,65,.447,.783,0.00,3.94,4.60,0.68,0.46,0.26,0.35
288,312,W. Richard,"SG,SF",GSW,,,69,.416,.786,1.13,6.12,2.58,1.33,0.59,0.09,0.80
289,333,L. Garza,C,BOS,,,51,.413,.824,0.43,5.27,3.20,1.16,0.84,0.29,0.63
290,327,J. Walsh,"SF,PF",BOS,,,70,.472,.738,0.59,3.91,3.01,0.74,0.37,0.66,0.79
291,324,B. Hyland,"PG,SG",MIN,,,49,.398,.870,1.47,7.61,1.65,2.59,0.63,0.20,0.67
292,345,C. Porter Jr.,"PG,SG",CLE,,,57,.488,.675,0.37,4.49,2.61,0.70,0.35,1.14,0.74
293,295,C. LeVert,"SG,SF",MIL,,,62,.452,.830,1.16,8.60,2.18,2.02,0.32,0.06,0.40
294,211,S. James,"SG,SF",CHA,,,82,.453,.837,1.04,6.49,3.73,2.29,0.60,0.27,0.83
295,403,M. Conley,PG,BOS,,,51,.343,.879,0.78,3.63,1.27,2.24,0.39,0.12,0.63
296,292,B. Sheppard,"SG,SF",IND,,,63,.401,.821,1.03,5.83,2.79,1.51,0.48,0.76,0.76
297,373,B. Hield,"SG,SF",ATL,,,55,.434,.850,1.16,5.18,1.38,0.73,0.40,0.25,0.62
298,355,T. Bryant,C,CLE,,,58,.423,.855,0.67,5.45,3.60,0.74,0.47,0.07,0.62
299,365,J. Edwards,"SF,PF",PHI,,,56,.442,.724,0.82,5.02,1.45,1.12,0.41,0.43,0.62
300,482,G. Yabusele,"PF,C",CHI,NA,,15,.444,.700,0.60,3.73,2.13,0.47,0.27,0.07,0.27
301,441,M. Potter,"PF,C",POR,,,38,.416,.586,0.53,3.18,2.37,0.47,0.29,0.53,0.39
302,340,P. Williams,"SF,PF",CHI,,,65,.405,.788,1.20,7.11,2.86,1.51,0.48,0.25,1.08
303,229,N. Clifford,"SG,SF",SAC,,,75,.437,.733,1.13,9.71,4.08,2.51,0.92,0.37,1.59
304,294,G. Dick,"SG,SF",LAC,,,75,.405,.856,1.43,9.41,2.56,1.35,0.69,0.19,1.73
305,278,J. Miller,"SG,SF",LAC,INJ,,66,.535,.778,0.53,7.98,2.42,2.73,0.67,0.27,1.36
306,307,G. Jackson,"SF,PF,C",MEM,,,67,.448,.711,1.22,10.70,3.76,0.91,0.79,0.54,2.06
307,268,G. Trent Jr.,"SG,SF",MIL,,,69,.402,.774,1.83,8.46,1.49,1.22,0.81,0.26,0.84
308,359,T. Jones,PG,DEN,,,68,.392,.722,0.72,3.79,1.18,2.46,0.59,0.19,0.99
309,329,K. Anderson,"SF,PF",TOR,,,55,.556,.703,0.13,5.45,2.78,0.89,0.58,0.55,0.49
310,296,W. Riley,"SF,PF",WAS,,,74,.482,.796,1.03,8.45,2.34,1.24,0.27,0.14,0.70
311,302,O. Prosper,"SF,PF,C",MEM,,,55,.524,.745,0.82,8.20,3.33,0.95,0.67,0.22,0.80
312,382,S. Jones,"SF,PF",DEN,,,60,.457,.833,0.60,3.52,2.10,1.15,0.52,0.10,0.85
313,429,C. Kispert,"SG,SF",ATL,,,62,.319,.805,0.08,5.37,2.08,1.19,0.31,0.71,0.71
314,384,J. Minott,"SF,PF",BKN,,,45,.509,.775,0.76,5.27,2.24,0.51,0.22,0.62,0.49
315,291,J. Okogie,"SG,SF",UTA,,,62,.480,.747,0.73,5.58,2.63,0.81,0.69,0.45,0.55
316,275,W. Clayton Jr.,"PG,SG",MEM,GTD,,69,.478,.778,1.35,9.43,2.09,1.39,0.70,0.26,1.33
317,392,S. Mykhailiuk,"SG,SF",UTA,,,44,.408,.762,1.23,6.05,1.77,0.84,0.45,0.30,0.52
318,326,C. Williams,"SG,SF",MIN,,,60,.421,.693,0.53,6.37,2.35,1.50,0.75,0.28,0.47
319,304,J. Vanderbilt,"PF,C",LAL,,,63,.489,.776,0.41,4.68,4.63,1.70,0.60,0.14,0.86
320,455,O. Agbaji,"SG,SF",NYK,,,33,.435,.769,0.55,3.88,1.64,0.82,0.30,0.33,0.73
321,305,K. Murray,"SG,SF",MEM,,,61,.480,.491,0.79,5.90,3.33,0.80,0.85,0.43,0.77
322,349,J. Clarkson,"SG,SF",NYK,,,62,.407,.837,0.95,7.55,1.56,1.50,0.45,0.15,0.66
323,379,N. Tomlin,"SF,PF",CLE,,,40,.480,.805,0.62,6.35,3.02,1.23,0.47,0.10,0.38
324,353,J. Sims,"PF,C",MIL,,,58,.480,.814,0.00,2.67,4.72,1.34,0.59,0.19,0.84
325,282,D. Wolf,"PF,C",BKN,,,70,.429,.757,1.11,7.59,3.94,1.63,0.60,0.27,1.14
326,393,P. Spencer,"PG,SG",PHX,,,47,.464,.788,0.66,6.19,2.00,1.28,0.55,0.17,0.98
327,351,J. Green,"SG,SF",UTA,,,61,.471,.606,0.77,4.25,1.57,0.56,0.56,0.33,0.34
328,310,J. Strawther,"SG,SF",DEN,,,58,.444,.819,1.33,8.00,2.02,0.97,0.47,0.24,0.47
329,334,J. Watkins,"SG,SF",WAS,INJ,,50,.398,.902,0.92,5.54,2.88,2.46,0.54,0.12,0.56
330,308,K. Williams,"PF,C",OKC,,,62,.411,.825,0.77,5.40,3.32,2.00,0.55,0.19,0.58
331,283,T. Prince,"SF,PF",DET,,,66,.435,.778,1.24,5.89,2.39,1.47,0.76,0.29,0.94
332,338,L. Shamet,"SG,SF",NYK,,,49,.434,.725,1.55,7.69,1.53,1.16,0.82,0.24,0.80
333,276,T. Vukcevic,C,WAS,,,58,.469,.777,1.05,9.28,3.36,0.98,0.41,0.83,0.69
334,410,A. Gill,"PF,C",WAS,,,52,.487,.795,0.31,3.94,2.17,0.75,0.38,0.06,0.54
335,362,J. Small,"PG,SG",MEM,,,60,.466,.828,0.70,4.67,1.50,1.78,0.40,0.10,0.65
336,153,K. Jakučionis,"PG,SG",MIL,,,75,.419,.839,1.84,10.07,4.16,4.43,0.85,0.25,1.56
337,230,M. Thybulle,"SG,SF",LAL,,,50,.427,.722,1.24,5.88,2.22,1.22,1.94,0.62,0.80
338,419,Q. Jackson,"PG,SG",IND,,,34,.441,.795,0.76,7.76,2.12,1.74,0.41,0.21,0.79
339,264,H. González,"SG,SF",BOS,,,74,.465,.647,0.77,5.58,4.41,0.89,0.62,0.35,0.72
340,389,J. Carter,"PG,SG",ORL,,,50,.388,.714,1.20,5.48,1.32,0.90,0.50,0.42,0.76
341,396,D. Powell,C,DAL,NA,,60,.500,.630,0.02,2.27,3.25,0.90,0.62,0.28,0.67
342,374,R. Rupert,"SG,SF",PHI,,,55,.439,.791,0.69,5.20,2.55,1.91,0.47,0.13,0.98
343,459,L. Ball,"PG,SG",CLE,NA,,20,.375,.667,0.75,3.05,1.80,0.85,0.60,0.60,0.55
344,371,T. Watford,PF,NOP,,,51,.480,.750,0.33,6.29,2.82,1.98,0.41,0.06,0.57
345,290,O. Dieng,"SF,PF",MIL,,,65,.423,.738,1.23,8.12,3.51,2.20,0.60,0.40,1.38
346,417,K. Brown,"SF,PF",IND,,,51,.420,.531,0.57,3.76,2.41,0.31,0.43,0.41,0.57
347,285,J. Walker,PF,PHI,,,64,.559,.633,0.53,6.30,4.09,0.83,0.23,0.89,0.44
348,381,S. Cissoko,"SF,PF",POR,,,46,.404,.692,0.67,4.85,2.13,0.76,0.52,0.87,0.63
349,318,R. Nembhard,PG,ATL,,,60,.472,.812,0.83,7.67,2.30,1.35,0.57,0.18,0.83
350,255,G. Williams,"PF,C",CHA,,,62,.433,.813,1.05,5.97,2.95,0.66,1.05,0.34,0.48
351,639,J. Ivey,"PG,SG",CHI,NA,,0,.000,.000,,,,,,,
352,388,J. Clark,"SG,SF",MIN,,,56,.374,.750,0.38,3.66,1.70,0.91,0.62,0.12,0.29
353,317,D. Powell,"PG,SG",BKN,,,63,.444,.759,1.05,7.54,1.90,1.03,0.62,0.57,1.10
354,414,A. Holiday,PG,HOU,NA,,62,.387,.773,1.00,5.10,1.19,0.94,0.29,0.03,0.56
355,394,J. Isaac,"PF,C",ORL,GTD,,59,.463,.800,0.39,3.20,2.34,0.47,0.27,0.17,0.20
356,483,G. Vincent,"PG,SG",ATL,NA,,29,.379,.750,0.55,2.17,0.41,1.31,0.34,0.07,0.90
357,432,L. Miller,"SF,PF",CHI,,,30,.449,.806,0.60,5.83,3.40,0.60,0.30,0.27,0.37
358,468,K. Love,"PF,C",UTA,NA,,20,.391,.867,0.80,3.95,3.15,0.80,0.20,0.00,0.40
359,433,C. Payne,"PG,SG",PHI,NA,,28,.366,.783,1.18,6.39,1.54,3.86,0.64,0.11,1.11
360,387,V. Williams Jr.,"PG,SG",UTA,NA,,37,.436,.860,1.38,7.35,3.41,1.11,0.30,0.05,0.49
361,443,T. Martin,"SG,SF",PHI,,,40,.348,.727,0.68,4.53,2.20,1.12,0.42,0.23,0.65
362,395,C. Martin,"SF,PF",DAL,,,54,.505,.833,0.48,4.98,2.22,2.57,0.33,0.09,1.26
363,313,J. Kuminga,"SF,PF",MIN,,117.6,68,.476,.665,0.76,11.57,4.15,1.91,0.65,0.40,1.71
364,406,J. Sochan,"PF,C",POR,,,52,.442,.763,0.29,3.77,2.37,0.83,0.48,0.10,0.54
365,434,J. Howard,"SG,SF",DAL,,,50,.365,.724,0.94,4.72,1.42,2.00,0.58,0.06,1.30
366,415,B. McGowens,"SG,SF",NOP,GTD,,35,.482,.803,0.69,6.83,1.83,0.94,0.46,0.11,0.54
367,452,Z. Nnaji,"PF,C",DEN,,,54,.443,.723,0.33,3.41,2.22,0.94,0.26,0.06,0.87
368,401,J. Pickett,"PG,SG",LAC,,,45,.448,.750,0.80,4.60,1.82,0.73,0.47,0.18,0.56
369,460,D. Plowden,"SG,SF",SAC,,,21,.364,.778,1.05,5.43,1.71,1.43,0.67,0.24,0.95
370,314,N. Richards,C,MIA,,,58,.529,.650,0.22,5.76,4.81,0.69,0.40,0.83,0.50
371,461,J. Wilson,"SF,PF",ATL,,,25,.436,.739,0.64,4.04,1.36,0.60,0.36,0.12,0.24
372,344,D. Knecht,"SG,SF",LAL,,,63,.392,.809,1.16,6.02,2.11,1.02,0.54,0.14,0.57
373,348,N. Jović,"PF,C",MIA,,,50,.389,.724,1.42,8.60,3.76,1.48,0.66,0.40,1.06
374,447,B. Carlson,C,POR,,,38,.407,.682,0.68,4.29,2.50,0.61,0.26,0.11,0.50
375,328,D. Finney-Smith,"SF,PF",CHA,,,61,.394,.850,0.90,4.10,2.26,3.46,0.69,0.20,1.28
376,306,N. Traore,PG,BKN,GTD,,65,.399,.778,1.14,9.25,1.72,3.80,0.80,0.45,2.00
377,413,M. Peavy,"SF,PF",MEM,,,61,.385,.828,0.62,4.59,1.97,0.85,0.30,0.21,0.67
378,378,D. Terry,"SG,SF",GSW,,,58,.522,.702,0.47,4.66,1.84,0.79,0.34,0.22,0.43
379,463,A. Coffey,"SG,SF",PHX,NA,,35,.423,.769,0.43,3.69,1.17,1.63,0.29,0.23,0.97
380,364,J. Hardy,"PG,SG,SF",LAL,,,50,.423,.790,1.44,8.26,1.48,2.08,0.28,0.08,0.56
381,262,C. Bryant,"SF,PF",SAS,,,72,.421,.716,1.28,7.51,4.38,1.10,0.54,0.47,0.85
382,405,C. Anthony,PG,PHX,NA,,53,.485,.702,0.55,5.40,1.66,0.60,0.25,0.15,0.30
383,424,T. Kolek,"PG,SG",NYK,,,53,.386,.611,0.38,2.81,1.26,0.58,0.26,0.87,0.68
384,407,P. Nance,"SF,PF",MIL,,,58,.404,.727,0.72,3.48,2.07,1.29,0.28,0.26,0.76
385,347,C. Love,"PG,SG",PHI,,,49,.454,.639,1.71,8.96,1.71,1.33,0.53,0.10,0.59
386,369,N. Penda,"SF,PF",ORL,,,59,.491,.745,0.61,4.88,3.39,0.54,0.22,0.14,0.39
387,427,G. Harris,"SG,SF",DET,,,49,.368,.800,0.61,3.02,1.33,1.18,0.49,0.22,0.78
388,366,T. Salaün,"PF,C",CHA,,,58,.407,.769,0.67,4.16,2.97,0.57,0.48,0.14,0.43
389,352,R. Dillingham,"PG,SG",CHI,GTD,,58,.410,.756,0.48,6.05,1.95,1.10,0.66,0.41,0.64
390,445,J. Bouyea,PG,PHX,,,26,.468,.895,0.69,5.88,1.73,0.81,0.35,0.08,0.35
391,456,M. Sasser,PG,DAL,,,44,.404,.800,0.84,4.34,0.98,1.66,0.23,0.00,0.84
392,339,K. Looney,"PF,C",LAL,,,58,.476,.647,0.10,4.71,6.21,2.09,0.53,0.34,1.21
393,363,S. Adams,C,HOU,GTD,,42,.476,.702,0.00,4.74,6.90,1.98,0.69,0.38,1.17
394,397,J. Hawkins,"SG,SF",MEM,,,55,.364,.841,1.05,5.62,1.65,0.93,0.36,0.38,0.71
395,408,D. Russell,"PG,SG",MEM,,,35,.414,.804,1.20,7.97,1.63,3.06,0.46,0.17,1.14
396,488,J. Phillips,"SF,PF",HOU,,,27,.458,.455,0.30,2.11,0.89,0.41,0.11,0.22,0.30
397,399,D. Eubanks,C,NYK,GTD,,40,.649,.714,0.03,3.80,2.52,0.38,0.23,0.85,0.35
398,390,J. Battle,"SF,PF",TOR,,,60,.419,.800,0.92,4.32,1.97,0.98,0.30,0.15,0.60
399,404,K. Wallace,PG,ATL,,,44,.449,.800,0.70,4.39,1.20,0.82,0.34,0.32,0.27
400,453,C. Thomas,"PG,SG",MIL,NA,,25,.472,.741,0.88,9.32,1.16,0.84,0.32,0.36,0.88
